record_id,flags,instruction,category,intent,response,reviewed_intent,intent_match,language_register,ambiguity,requires_human_review,annotation_confidence,review_notes
CS-0001,BCILMQ,i cant make payments how to inform of issues with payment,PAYMENT,payment_issue,"I apologize for the trouble you're experiencing in making payments. To inform us about the issues you're facing, I recommend reaching out to our customer support team. They are available {{Customer Support Hours}} at {{Customer Support Phone Number}} or through the Live Chat on our website at {{Website URL}}. They will be able to assist you in notifying us about the payment problems and provide you with the necessary guidance to resolve them. Rest assured that we are here to help you every step of the way.",,,,,,,
CS-0002,BLMQ,i have problems submitting the secondary shipping address,SHIPPING,set_up_shipping_address,"I appreciate that you're experiencing difficulties when trying to submit your secondary shipping address. I apologize for any inconvenience this may have caused. Let's work together to troubleshoot and resolve this issue. Here are some steps you can try:

1. Double-check that all the required fields are filled out accurately, including the recipient's name, street address, city, state, postal code, and phone number.
2. Ensure that there are no special characters or symbols in the address fields, as they may cause submission errors.
3. Clear your browser cache and cookies, then try submitting the form again.
4. If possible, try using a different browser or device to see if the issue persists.
5. If you're still unable to submit the secondary shipping address, please reach out to our customer support team through our website or call {{Customer Support Phone Number}}. They will be able to assist you further and ensure that your shipping address is successfully submitted.

Thank you for bringing this to our attention. We appreciate your patience, and we're here to help you through this process.",,,,,,,
CS-0003,BCL,"I have to see when my item is going to arrive, help me",DELIVERY,delivery_period,"We understand your anticipation and eagerness to track the progress of your item and determine its estimated arrival time. To provide you with accurate information, could you please provide us with the {{Tracking Number}} or {{Order Number}} associated with your item? With this information, we will be able to assist you better and provide you with the most up-to-date status of your delivery. Your patience is greatly appreciated as we work together to resolve your query.",,,,,,,
CS-0004,BLZ,I need help with cancelling purhase {{Order Number}},ORDER,cancel_order,"I'm sensitive to the fact that you need assistance with cancelling purchase {{Order Number}}. I apologize for any inconvenience this may have caused. To cancel your purchase, please follow these steps:

1. Log into your account: Access our {{Online Company Portal Info}} and sign in using your credentials.
2. Navigate to your orders: Once signed in, go to the '{{Online Order Interaction}}' or '{{Online Order Interaction}}' section.
3. Locate your purchase: Look for the purchase associated with the order number {{Order Number}} and click on it for more details.
4. Initiate cancellation: Within the purchase details, you will find an option to '{{Online Order Interaction}}'. Please select this option.
5. Confirm cancellation: The system may ask for your confirmation or feedback to complete the cancellation process. Kindly provide the necessary information.

If you encounter any difficulties or have further questions, do not hesitate to contact our dedicated support team. You can reach us during {{Customer Support Hours}} at {{Customer Support Phone Number}} or through the Live Chat feature on our website at {{Website URL}}. We value your satisfaction and are here to assist you every step of the way.",,,,,,,
CS-0005,BLW,I need to reset my damn PIN code,ACCOUNT,recover_password,"I'm on it! I understand your frustration and urgency in resetting your PIN code. Rest assured, we'll resolve this issue together. Here's what you can do:

1. Log in to your account on our platform.
2. Go to the ""Account Settings"" or ""Profile Settings"" section.
3. Look for the ""Reset PIN"" or ""Change PIN"" option.
4. Follow the on-screen instructions to reset your PIN code.
5. If prompted, provide any additional information or verification required.
6. Once completed, make sure to securely save and remember your new PIN code.

If you encounter any difficulties during the process or have any further questions, please don't hesitate to reach out to our customer support team. They are available {{Customer Support Hours}} at {{Customer Support Phone Number}} or through the Live Chat on our website at {{Website URL}}. We are dedicated to ensuring a seamless experience for you and will do everything we can to assist you in resetting your PIN code promptly.",,,,,,,
CS-0006,BEL,I am looking for information about a forgotten key,ACCOUNT,recover_password,"I understand your concern about a forgotten key. Let's work together to find a solution. Could you please clarify if you are referring to a physical key or a password/key for accessing an account or service? Once I have this information, I will be able to assist you further in recovering or replacing the key.",,,,,,,
CS-0007,BCL,"I have to receive your corporate newsletter, help me",SUBSCRIPTION,newsletter_subscription,"Thank you for expressing your interest in receiving our corporate newsletter! I'm here to assist you with that. To subscribe, please visit our website and navigate to the newsletter subscription section. Once you're there, you'll be prompted to enter your email address to complete the subscription process. Rest assured, your privacy is of utmost importance to us, and we will handle your information with the utmost care. By subscribing, you'll receive the latest updates, news, and exclusive offers directly in your inbox. Should you have any further questions or need more assistance, feel free to ask.",,,,,,,
CS-0008,BLQZ,i want help talking with an assistat,CONTACT,contact_human_agent,"Thank you for trusting us! I'm fully aware of you want help with talking to an assistant. Our team of dedicated human representatives is here to assist you! To connect with an agent, please provide me with some additional information about your query or concern. This will help us ensure that you are directed to the most appropriate representative who can provide you with the best assistance. Your satisfaction is our top priority, and we're committed to resolving your issue quickly and efficiently.",,,,,,,
CS-0009,BQ,want assistance to cancel order {{Order Number}},ORDER,cancel_order,"I've understood, you're seeking assistance with canceling your order linked to the number {{Order Number}}. I apologize for any inconvenience caused, and rest assured, I'm here to help you navigate through this process. Here's what you can do:

1. Follow our Cancellation Process: Log into your {{Online Company Portal Info}} using your credentials.
2. Locate Your Order: Once logged in, head to the '{{Online Order Interaction}}' or '{{Online Order Interaction}}' section to find the relevant purchase.
3. Initiate the Cancellation: Click on the order number associated with purchase {{Order Number}} and look for the '{{Online Order Interaction}}' option. Go ahead and select it.
4. Confirm and Provide Feedback: The system may ask you to confirm the cancellation and provide any feedback you might have.

If you encounter any difficulties or have further questions, don't hesitate to reach out to our dedicated support team. They are available during {{Customer Support Hours}} at {{Customer Support Phone Number}} or through the Live Chat feature on our website at {{Website URL}}. We value your satisfaction and are committed to assisting you every step of the way.",,,,,,,
CS-0010,BLM,I need help downloading the bills from {{Person Name}},INVOICE,get_invoice,"Certainly! I completely understand your need to download the bills from {{Person Name}}. I'll be glad to assist you with that. Could you please provide me with the specific invoice numbers or any other details that can help me locate the bills? Once I have that information, I'll work on retrieving the bills for you.",,,,,,,
CS-0011,BLZ,help to  inform of a problem with a registration,ACCOUNT,registration_problems,"Thank you for bringing the problem with your registration to our attention. We understand how frustrating it can be to encounter difficulties during the registration process. To assist you further, could you please provide more details about the issue you are facing? This will enable us to investigate and find the best possible solution for you. Your feedback is extremely valuable to us as we continuously strive to improve our registration process and ensure a seamless experience for all users.",,,,,,,
CS-0012,BL,I need help taking a quick look at my bill #37777,INVOICE,check_invoice,"No worries! I completely understand your need for assistance in quickly checking your bill with the number #{{Invoice Number}}. Let's dive right in and find the information you're looking for. Could you please provide me with some additional details such as the billing period or any specific sections of the bill you would like me to focus on? With these details, I'll be able to guide you more effectively. Feel free to let me know if you have encountered any challenges during your search. Your satisfaction is my top priority, and I'm here to help you every step of the way.",,,,,,,
CS-0013,BLM,I don't know what I have to do to shop a few of your item,ORDER,place_order,"Honored to assist! I'm clued in that you may feel unsure about the process of shopping for our items. Don't worry, I'm here to guide you step-by-step and make it a seamless experience. To start, you can browse our online catalog to explore the wide range of products we offer. Once you have found the items you wish to purchase, simply add them to your cart. When you're ready to complete your purchase, proceed to the checkout page where you will be prompted to enter your shipping and payment information. Should you encounter any difficulties along the way or have any specific questions, please don't hesitate to ask. I'm here to assist you and ensure that your shopping experience is both enjoyable and successful. Let's get started!",,,,,,,
CS-0014,BCEIL,"I cannot find the termination penalty, can I get some help?",CANCEL,check_cancellation_fee,"Positively! I'm here to assist you. To find the termination penalty for your account, I recommend checking your contract terms and conditions or reaching out to our customer support team for more information. They'll be able to provide you with the specific details and answer any questions you may have.",,,,,,,
CS-0015,BLZ,I try to ask fopr a refund of my money,REFUND,get_refund,"I realized you are trying to ask for a refund of your money. I want to assure you that I'm here to help you with the process. To initiate the refund, you may need to follow some specific steps depending on the platform or service provider you made the payment to. It's important to review the refund policy of the company or contact their customer support directly for guidance. They will be able to provide you with the necessary information and assist you in starting the refund process. Don't hesitate to reach out to them as they are there to ensure your satisfaction and address any concerns you may have.",,,,,,,
CS-0016,BCILM,"I need to shop a few of your product, how can I do it?",ORDER,place_order,"Thank you for your interest in shopping for our products! I'd be delighted to assist you with the process. To start, you can browse our website/catalog to explore the range of products we offer. Once you find the items you wish to purchase, simply add them to your cart. When you're ready to proceed, you can proceed to the checkout page, where you'll be prompted to provide your shipping and billing details. After reviewing your order, you can complete the purchase by selecting a payment method and confirming the transaction. If you encounter any difficulties or have specific questions about our products or the ordering process, feel free to reach out to our customer support team, and they'll be more than happy to assist you further. Happy shopping!",,,,,,,
CS-0017,BLQ,i expect a rebate of {{Currency Symbol}}{{Refund Amount}},REFUND,track_refund,"I understand the importance of your expected rebate of ${{Refund Amount}}. It can be frustrating when you're waiting for a refund, and I assure you that I'm here to help. Let me quickly check the status of your rebate and provide you with the necessary information. While I do that, may I ask if you have provided all the required details for the rebate? Your cooperation in this matter will ensure a smooth resolution. Thank you for your patience.",,,,,,,
CS-0018,BIL,what do I need to do to notify of a payment error?,PAYMENT,payment_issue,"I appreciate you reaching out to us regarding a payment error. To notify us of the issue, I suggest contacting our customer support team either through our website's live chat or by phone. They have the expertise to assist you further and guide you through the process of reporting the payment error. Providing them with detailed information about the error can help speed up the resolution. Rest assured, we take payment errors seriously and will do our best to investigate and resolve the issue promptly. Thank you for bringing this to our attention and giving us the opportunity to assist you in resolving this matter.",,,,,,,
CS-0019,BIL,is it possible to check when my shipment is going to arrive?,DELIVERY,delivery_period,"We understand your curiosity and anticipation to know when your shipment will arrive. To provide you with the most accurate information, could you please provide us with the {{Tracking Number}} or {{Order Number}}? With that, we can check the status of your shipment and give you an estimated delivery date. We appreciate your cooperation and would be more than happy to assist you further.",,,,,,,
CS-0020,BKLZ,editing freemium  account,ACCOUNT,edit_account,"How inspiring it is to witness your dedication to editing your freemium account!I'm here to guide you through the process and ensure that you have a seamless experience. To make the necessary edits, you can log into your account by visiting our website or accessing our mobile app. Once you have logged in, navigate to the account settings or profile section. Here, you should be able to modify the information associated with your freemium account, such as your contact details, preferences, or any other relevant data. If you encounter any difficulties or have specific queries during the editing process, feel free to reach out to our dedicated customer support team. They will be more than happy to provide you with the assistance you need. Remember, your satisfaction is our top priority, and we are here to help you every step of the way!",,,,,,,
CS-0021,BLQ,help me to see in which cases can i ask for my money back,REFUND,check_refund_policy,"I'm on your side your desire to have a clear understanding of the cases in which you can request a refund. Here are some common situations where you may be eligible for a refund:

1. **Product/Service Defect:** If the product or service you purchased is defective or does not meet the description provided, you can typically request a refund.

2. **Cancellation within Grace Period:** Should you change your mind about a purchase and cancel within the specified grace period, you would usually be entitled to a refund.

3. **Unauthorized Charges:** If you notice any unfamiliar or unauthorized charges on your account, please let us know, and we will investigate the matter promptly.

4. **Event Cancellation:** In the unfortunate event that a planned event gets canceled, and there is no rescheduled date, you may be eligible for a refund on your ticket purchase.

5. **Duplicate Charges:** If you have been charged multiple times for the same item or service, please bring it to our attention, and we will rectify the situation.

6. **Non-receipt of Goods or Services:** If you have not received the purchased product or service within the expected timeframe, you may qualify for a refund.

Please keep in mind that these are general situations, and refund policies may vary depending on the specific vendor or service provider. It is always recommended to consult the terms and conditions or reach out to the respective party directly for a comprehensive understanding of their refund policy. If there is a specific order or concern you would like me to assist you with, please provide me with the relevant details, such as the {{Order Number}}, and I'll be happy to help.

Should you have any other questions or concerns, feel free to let me know, as I'm here to ensure your satisfaction and address any further queries you may have.",,,,,,,
CS-0022,BKLZ,new {{Account Category}} acount for wife,ACCOUNT,create_account,"What a thoughtful gesture to create a new {{Account Category}} account for your wife! I'm here to guide you through the process and ensure that she receives the utmost benefits and privileges of being a {{Account Category}} account holder. To get started, could you please provide me with your wife's full name, email address, and a preferred username? Once I have these details, I'll assist you further in creating her new {{Account Category}} account.",,,,,,,
CS-0023,BIL,do you have a method to leave a review about a service?,FEEDBACK,review,"Indeed! We appreciate your interest in leaving a review about our service. Your feedback is invaluable to us as it helps us understand how we can improve and better serve our customers. To leave a review, you can visit our website and navigate to the ""Reviews"" or ""Feedback"" section. There, you'll find a form where you can share your thoughts, rate your experience, and provide any additional comments. We look forward to hearing your feedback and thank you for taking the time to share your thoughts with us.",,,,,,,
CS-0024,BCIL,"I need to send some feedback for a service, how to do it?",FEEDBACK,review,"Thank you for expressing your interest in sharing your feedback about our service. We greatly value your input as it enables us to learn and grow. To provide your feedback, you can visit our website and navigate to the ""Contact Us"" or ""Customer Feedback"" section. Alternatively, you can reach out to our customer support team via phone, email, or live chat to share your thoughts. We are here to listen and ensure that your feedback is heard by the appropriate teams. Let me know if there's anything else I can assist you with!",,,,,,,
CS-0025,BLQ,i try to talk with a person,CONTACT,contact_human_agent,"We're listening! I'm keyed into the fact that you're trying to speak with a person. I apologize if you've been experiencing difficulties. Rest assured, I'm here to assist you. To better understand your situation, could you provide more details about the topic or issue you'd like to discuss with a person? This will allow me to direct you to the right department or provide alternative solutions. Your input is greatly appreciated as we work towards resolving your concerns. Let's find the best way to connect you with the assistance you need!",,,,,,,
CS-0026,BLM,I don't know what I have to do to see the termination fees,CANCEL,check_cancellation_fee,"To view the termination fees, you can log in to your online account and navigate to the section on contract details. There, you should be able to find information about any applicable termination charges. If you're unable to locate this information online, I recommend reaching out to our customer service team who will be happy to assist you further.",,,,,,,
CS-0027,BILQ,how can i see order {{Order Number}} status,ORDER,track_order,"We're here for you! I'm aware that you would like to know how you can check the status of your order with the order number {{Order Number}}. To view the status of your order, you can visit our website and go to the ""Order History"" section. There, you will be able to find the relevant details and updates regarding your order. If you have any other questions or need further assistance, please feel free to let me know. I'm here to help!",,,,,,,
CS-0028,BLW,check if there is anything wrong with my damn restitution,REFUND,track_refund,"I'm sympathetic to your situation that you want me to check if there are any issues with your restitution. Your concern is important to us, and I'm here to assist you. Let me quickly investigate the status of your restitution and ensure that everything is in order. While I do that, may I ask if you have received any communication regarding your restitution recently? Your input will provide valuable insights as we work on resolving any potential concerns.",,,,,,,
CS-0029,BKL,update information on {{Account Category}} account,ACCOUNT,edit_account,"How exciting it is to witness your determination to update the information on your {{Account Category}} account!I'm here to assist you throughout the process and ensure a smooth experience. To proceed with updating your account details, please log in to our secure {{Online Company Portal Info}}. Once you're logged in, navigate to the account settings section, where you'll find options to edit the information on your {{Account Category}} account. If you encounter any difficulties or have any specific questions, feel free to ask. We're here to help you every step of the way!",,,,,,,
CS-0030,BCELN,"I cannot open a user, I have to inform of a signup issue",ACCOUNT,registration_problems,"We apologize for the inconvenience you're facing in opening a user account. We understand the frustration this may have caused, and we appreciate you informing us about the signup issue. Our team is dedicated to resolving this matter promptly. To assist you further, could you please provide more details about the problem you encountered during the signup process? This information will allow us to investigate and address the issue as quickly as possible. Your feedback is valuable to us, and together, we will work towards a solution. Thank you for your cooperation.",,,,,,,
CS-0031,BLQ,i need information about correcting purchase {{Order Number}},ORDER,change_order,"I'm glad you contacted us to us for information about correcting your purchase with order number {{Order Number}}. We completely understand the importance of getting accurate and up-to-date information regarding your purchase. To ensure that we provide you with the correct information, could you please specify what kind of correction you would like to make? Whether it's updating the shipping address, changing the quantity of an item, or any other modification, we are here to assist you. Your satisfaction is our priority, and we will do our best to resolve any issues you may have with your purchase.",,,,,,,
CS-0032,BL,correcting data on platinum account,ACCOUNT,edit_account,"What a delight it is to embark on this amazing journey of correcting the data on your esteemed {{Account Category}} account!I am here to provide you with unwavering support and guidance, ensuring that your account information is accurate and reflects your prestigious {{Account Category}} membership status. To correct any data on your account, please follow these steps:

1. Log in to your {{Account Category}} account on our website or mobile app.
2. Navigate to the account settings or profile section.
3. Locate the specific data you wish to correct, such as your name, contact information, or billing address.
4. Click on the corresponding edit or update button.
5. Enter the correct information in the provided fields.
6. Double-check all the data you've entered for accuracy.
7. Save the changes or update your account.

If you encounter any difficulties or have any specific concerns while correcting the data on your {{Account Category}} account, don't hesitate to reach out to our dedicated customer support team. They are available during {{Customer Support Hours}} at {{Customer Support Phone Number}} or through the Live Chat on our website at {{Website URL}}. We're here to make sure that your account details are perfect!",,,,,,,
CS-0033,BCL,"I have entered a wrong delivery address, help me changing it",SHIPPING,change_shipping_address,"Positively! I can assist you in changing your delivery address. To make the necessary modifications, please provide me with your order details and the correct address, and I will ensure that it is updated for you. Alternatively, you can log in to your account on our website and update your address in your profile settings. Let me know how you would like to proceed.",,,,,,,
CS-0034,BL,there is an issue trying to update the address,SHIPPING,change_shipping_address,"We apologize for the inconvenience you are facing while trying to update your address. Our team is aware of the issue and is working diligently to resolve it. In the meantime, please try refreshing the page or clearing your browser cache and attempting the address update again. If the problem persists, please reach out to our customer support team for further assistance. We appreciate your understanding and patience.",,,,,,,
CS-0035,BLMQ,need assistance purchasing some of ur article,ORDER,place_order,"Thank you for reaching out! I'm here to provide you with the assistance you need to make your purchase. To better assist you, could you please provide me with more details about the specific article you are interested in? It would be great if you could let me know the name or description of the article, along with any other preferences or requirements you have. With this information, I can guide you through the process and ensure that your shopping experience is smooth and satisfying.",,,,,,,
CS-0036,BCILNW,"I don't have a bloody standard account, can I open one?",ACCOUNT,create_account,"Indeed! We're here to assist you in opening a standard account. Your enthusiasm is much appreciated! To begin the process, we need a few details from you. Could you please provide your full name, email address, and a preferred username? Once we have this information, our team will guide you through each step, ensuring you feel supported and informed at all times. Security and privacy are paramount to us, so rest assured that your personal information will be handled with the utmost care. Let's get started on creating your standard account",,,,,,,
CS-0037,BCELNQ,i cannot pay for my last item cancel order {{Order Number}},ORDER,cancel_order,"I've noticed that you're facing difficulties in paying for your last item and need assistance with canceling order {{Order Number}}. It can be frustrating when financial constraints prevent us from completing a purchase. Allow me to help you with this. 

To cancel your order, please follow these steps:

1. Log in to your {{Online Company Portal Info}} using your username and password.
2. Navigate to your order history or account settings page.
3. Locate the specific order with the order number {{Order Number}}.
4. Click on the order to access the details.
5. Look for the option to cancel the order and select it.
6. Confirm the cancellation and follow any additional prompts if necessary.

If you encounter any issues or have further questions, feel free to reach out to our customer support team. They are available during {{Customer Support Hours}} at {{Customer Support Phone Number}} or through live chat on our {{Website URL}}. We are committed to assisting you throughout this process and ensuring your satisfaction.",,,,,,,
CS-0038,BLQ,want assistance to lodge a complaint against your business,FEEDBACK,complaint,"I'm sorry to hear that you've had a negative experience and are seeking assistance to lodge a complaint against our business. Your feedback is important to us, and we take complaints seriously. To better assist you, can you please provide specific details about the issue you encountered? This will help us understand the situation better and take appropriate actions to address your concerns. We appreciate your patience and willingness to share your feedback.",,,,,,,
CS-0039,BIL,how do I check the termination charge?,CANCEL,check_cancellation_fee,"To check the termination charge, you can refer to the terms and conditions document provided with your contract. It will outline the details of any fees or penalties associated with cancelling your agreement. If you have any further questions or need assistance, feel free to reach out to our customer service team.",,,,,,,
CS-0040,BLQ,need assistance seeing in which cases can i request a refund,REFUND,check_refund_policy,"I'm on it! I understand your need for guidance on the situations in which you can request a refund. Let me provide you with an overview:

1. **Product/Service Defect:** If the product or service you purchased has a defect or does not meet the description provided, you are generally eligible for a refund.
2. **Cancellation within the Grace Period:** If you change your mind and decide to cancel your purchase within the specified grace period, you should be able to request a refund.
3. **Unauthorized Charges:** If you notice any charges on your account that you did not authorize or recognize, we will investigate and assist you in resolving the issue.
4. **Event Cancellation:** If you purchased tickets for an event that gets canceled without a rescheduled date, you may be entitled to a refund.
5. **Duplicate Charges:** If you are accidentally charged multiple times for the same item, please inform us, and we will promptly rectify the situation.
6. **Non-receipt of Goods:** If you have not received the goods you ordered within the expected timeframe, you may be eligible for a refund.

Please keep in mind that specific refund policies may vary depending on the vendor or service provider. To obtain a comprehensive understanding, I recommend consulting their terms and conditions or reaching out to them directly. If you have a specific order or concern, feel free to provide me with the relevant details, such as the {{Order Number}}, and I'll be happy to assist you further.

Is there anything else I can help you with today?",,,,,,,
CS-0041,BIL,how do I see at what time customer assistance available is?,CONTACT,contact_customer_service,"We're here to help! I take note that you would like to know how to check the availability of our customer assistance team. To do so, you can visit our website at {{Website URL}} or call our dedicated customer support line at {{Customer Support Phone Number}}. Our representatives will provide you with the accurate information regarding the hours when our customer assistance is available. Is there anything else I can help you with?",,,,,,,
CS-0042,BLQ,need help to see in which situations can I request a refund,REFUND,check_refund_policy,"I certainly recognize your need for clarity regarding the situations in which you can request a refund. Let's delve into this topic together, shall we?

1. **Product/Service Defect:** If you receive a defective product or a service that doesn't meet the promised standards, you would typically be eligible for a refund.
2. **Cancellation within Grace Period:** Changing your mind shortly after making a purchase is understandable. If you decide to cancel within the specified grace period, a refund is usually available.
3. **Unauthorized Charges:** If you notice any charges on your account that you didn't authorize or recognize, we are here to help you investigate and potentially refund those charges.
4. **Event Cancellation:** It's quite unfortunate when an event you've been looking forward to gets canceled. In most cases, if the event is canceled without a rescheduled date, you would be entitled to a refund.
5. **Duplicate Charges:** Mistakes happen, and if you've been charged more than once for the same item, we are committed to rectifying the issue and issuing a refund.
6. **Non-receipt of Goods:** If your purchased item doesn't arrive within the expected delivery timeframe, rest assured that you can reach out to us so we can investigate and assist you with a potential refund.

However, please keep in mind that refund policies may vary depending on the specific vendor or service provider. I recommend reviewing their terms and conditions or reaching out to them directly for more information.

I hope this information clarifies the situations in which you can request a refund. Is there anything else I can assist you with today?",,,,,,,
CS-0043,BLW,see order {{Order Number}} fucking current status,ORDER,track_order,"Honored to assist! I'm clued in that you would like assistance in checking the current status of your order with order number {{Order Number}}. I apologize for any frustration caused. To view the status of your order, please navigate to our website's '{{Online Order Interaction}}' section. If you have any other questions or concerns, please don't hesitate to let me know. I'm here to help you every step of the way!",,,,,,,
CS-0044,BL,I don't know how I can list the allowed payment methods,PAYMENT,check_payment_methods,"No problem at all! I'm here to help you with that. To list the allowed payment methods, you can simply visit our website and navigate to the ""Payment Options"" or ""Checkout"" page. There, you will find a comprehensive list of all the payment methods we accept. If you have any further questions or need assistance with any specific payment method, please don't hesitate to let me know. I'm here to guide you every step of the way!",,,,,,,
CS-0045,BIL,can you help me checking your reimbursement policy?,REFUND,check_refund_policy,"I'll take care of it! I understand your need to verify our reimbursement policy thoroughly. Let me provide you with the necessary details:

1. **Product/Service Defects:** If you encounter any defects or discrepancies in the product or service you purchased, you may be eligible for a refund. It's important to notify us within the specified time frame to initiate the process.

2. **Cancellation within Grace Period:** If you change your mind about a purchase and decide to cancel within the grace period mentioned in our policy, we typically offer a full refund.

3. **Unauthorized Charges:** If you notice any unauthorized charges on your account, we will investigate the issue promptly. Depending on the circumstances, you may be eligible for a refund.

4. **Event Cancellation:** In the unfortunate event that an event you purchased tickets for is canceled and not rescheduled, you will usually be entitled to a refund.

5. **Duplicate Charges:** If you discover duplicate charges for the same item, please bring it to our attention. We will investigate and rectify the issue, ensuring a refund if applicable.

6. **Non-receipt of Goods/Services:** Should you not receive the goods or services you ordered within the expected time frame, please let us know. We will investigate and offer a suitable resolution, including a refund if deemed appropriate.

It's important to note that these are general situations that might entitle you to a refund. Specific vendors or service providers may have their own policies with unique conditions. To obtain complete information, I encourage you to refer to our official refund policy document or directly contact our customer support team. They are available {{Customer Support Hours}} at {{Customer Support Phone Number}} or through the Live Chat on our website at {{Website URL}}.

Is there anything else I can assist you with today?",,,,,,,
CS-0046,BLZ,assistance to list your paymernt modalities,PAYMENT,check_payment_methods,"We're all ears! I'm tuned into the idea that you would like assistance in listing our available payment methods. Rest assured, I'm here to guide you. To view our payment options, you can visit our website and navigate to the ""Payment Methods"" section. Alternatively, you can also contact our customer support team who will be happy to provide you with a comprehensive list of our accepted payment modalities. Just let them know that you need assistance with accessing our payment options, and they will be glad to assist you. We want to ensure that you have a clear understanding of the various payment methods available so that you can choose the most convenient option for you.",,,,,,,
CS-0047,BLMQ,i dont know how to report signup issues,ACCOUNT,registration_problems,"We've received your message and seeking assistance with reporting signup issues. It's understandable that you may be unsure about the process, but don't worry, I'm here to guide you through it. To report signup issues, you can reach out to our customer support team via email, live chat, or phone. They will be able to collect the necessary information from you and assist you further in resolving the problem. Our support team is highly trained and experienced in handling signup issues, so rest assured that they will provide you with the necessary guidance and support. Customer satisfaction is our top priority, and we are committed to ensuring that your signup issues are resolved promptly. Please let me know if there is anything else I can assist you with.",,,,,,,
CS-0048,BLQ,i need information about a pwd recovery,ACCOUNT,recover_password,"I'm happy to help! I can provide you with all the necessary information about password recovery. Losing access to your account can be quite frustrating, but worry not, we have you covered! Here's what you can do to recover your password:

1. First, head over to the ""{{Login Page URL}}"" of our platform.
2. Look for the option that says ""{{Forgot Password}}"" and click on it.
3. You'll be prompted to enter the email associated with your account. Make sure to provide the correct email address.
4. Once you've entered your email, our system will send you an email with detailed instructions on how to reset your password.
5. Be sure to check your inbox, spam, and junk folders in case the email gets filtered.
6. Follow the instructions in the email to reset your password and regain access to your account.

If you encounter any issues or need further assistance during the process, feel free to reach out to our customer support team. We're here to help you every step of the way. Remember, your account security is our top priority, and we're committed to ensuring a smooth and secure password recovery experience for you.",,,,,,,
CS-0049,B,talking to agent,CONTACT,contact_human_agent,Your reach-out is appreciated! I'm sensing that you're seeking assistance and would like to talk to a live agent. I'm here to help you with that. Please bear with me for a moment while I connect you with one of our experienced human agents who will be more than happy to assist you further. Your patience is truly appreciated.,,,,,,,
CS-0050,BL,I try to restore my user profile PIN,ACCOUNT,recover_password,"I've understood you're trying to restore your user profile PIN, and I'm here to guide you through the process. Restoring your PIN is essential to regain access to your user profile. Let's get started:

1. Access the ""{{Profile PIN Recovery}}"" page on our platform.
2. Follow the instructions provided on the page to verify your identity and initiate the PIN restoration process.
3. You may be asked to provide certain personal details or answer security questions associated with your user profile.
4. Once the verification process is complete, you'll be prompted to create a new PIN for your profile.
5. Make sure to choose a secure PIN that's easy for you to remember, but difficult for others to guess.

If you encounter any difficulties during the PIN restoration process or have any further questions, feel free to reach out. We're always here to assist you and ensure your user profile is fully accessible.",,,,,,,
CS-0051,BL,I am trying to receive a compensation,REFUND,get_refund,"I'm picking up what you're putting down, your situation and your desire to receive compensation. Rest assured, I am here to assist you in every possible way to ensure a satisfactory resolution. To better understand your specific case, could you please provide me with more details about the incident that led to your need for compensation? This information will enable me to provide you with the most suitable guidance and support. Your satisfaction is our priority, and I am committed to helping you navigate this process smoothly, addressing all your concerns along the way.",,,,,,,
CS-0052,BLM,I have got to check what delivery methods are there,DELIVERY,delivery_options,"Ah, an enthusiastic explorer of delivery options! Let me guide you on this exciting journey:

To view the available delivery methods, simply visit our website and head to the checkout page. There, you will find a list of delivery options tailored to meet your needs. From standard shipping to expedited and even overnight delivery, we have a range of options to ensure your package arrives when and where you need it most.

If you have any specific requirements or questions while exploring these options, feel free to reach out. I'm here to provide any assistance you may need. Happy browsing and selecting the perfect delivery method for your order!",,,,,,,
CS-0053,BL,help me to inform of a registration issue,ACCOUNT,registration_problems,"We appreciate your proactive approach in seeking our assistance to inform us about the registration issue you encountered. Your willingness to share this feedback demonstrates your commitment to improving our services, and we are grateful. Could you please provide us with more details about the specific issue you faced during the registration process? Knowing the specifics will enable us to better understand the problem and work towards finding an effective solution. Thank you for taking the time to reach out to us; we value your input and will do our best to address your concerns.",,,,,,,
CS-0054,BLQ,i want help to check in what cases can i request refunds,REFUND,check_refund_policy,"Assuredly! I understand your desire to gain clarity on the situations in which you can request a refund. Here are some common scenarios for requesting a refund:

1. **Product/Service Defect:** If the product or service you purchased has a defect or doesn't meet the stated description, you are usually eligible for a refund.
2. **Cancellation within the Grace Period:** If you change your mind and decide to cancel your purchase within the designated grace period, you should be able to request a refund.
3. **Unauthorized Charges:** If there are charges on your account that you didn't authorize or recognize, we will investigate the matter and assist you in obtaining a refund if necessary.
4. **Event Cancellation:** If you bought tickets for an event that gets canceled and isn't rescheduled, you are typically entitled to a refund.
5. **Duplicate Charges:** If you notice duplicate charges for the same item or service, please inform us immediately so that we can rectify the situation and issue a refund.
6. **Non-Delivery of Goods or Services:** If you haven't received the goods or services you paid for within the expected timeframe, you may be eligible for a refund.

Please note that these are general examples, and specific refund policies may vary depending on the vendor or service provider. It's always a good idea to review the terms and conditions or contact the respective party directly for more information.

If you have any specific concerns or questions about a particular order, feel free to provide me with the necessary details such as the order number or any relevant information, and I'll be delighted to assist you further. Your satisfaction is our top priority!

Is there anything else I can help you with today?",,,,,,,
CS-0055,BLQ,i expect a rebate of {{Currency Symbol}}{{Refund Amount}},REFUND,track_refund,"Thank you for sharing your expectation of a rebate of {{Currency Symbol}}{{Refund Amount}}. I understand the importance of this rebate to you, and I'm here to assist you. Let me quickly check the status of your rebate and provide you with the most up-to-date information. Please bear with me for a moment while I gather the details.",,,,,,,
CS-0056,BILQW,where to see the bloody ETA of the order {{Order Number}},ORDER,track_order,"I hear you! I'm following you that you would like to know where you can find the estimated time of arrival (ETA) for your order with the order number {{Order Number}}. To check the ETA, please visit the 'Order Details' page on our website. You should be able to find all the relevant information there. If you have any other questions or need further assistance, feel free to let me know. I'm here to help!""",,,,,,,
CS-0057,BLQZ,I'm trying to check what hours i can reach customer suport,CONTACT,contact_customer_service,"Thank you for getting in touch! I understand that you would like to know the operating hours when you can reach our customer support team. Our dedicated team is available to assist you during {{Customer Support Hours}}. Please feel free to reach out to us at that time, and we will be more than happy to help with any questions or concerns you may have. How else can I assist you today?",,,,,,,
CS-0058,BIL,where do I check what hours I can reach customer service?,CONTACT,contact_customer_service,"Your reach-out is appreciated! I'm sensing that you would like to know where to check the operating hours of our customer service team. To find this information, you can visit our website at {{Website URL}} and navigate to the ""Contact Us"" or ""Support"" page. Alternatively, you can also check the ""Help"" section of our mobile app for the customer service hours. If you have any other questions or concerns, please feel free to let me know.",,,,,,,
CS-0059,BILQ,can uhelp me subscribe to ur newsletter,SUBSCRIPTION,newsletter_subscription,"I acknowledge that you're seeking assistance with subscribing to our newsletter. I'm here to help you with that. Could you please provide me with your email address? Once I have that, I'll make sure you're added to our mailing list right away. Thank you for your interest in staying connected with us through our newsletter!",,,,,,,
CS-0060,BEL,I cannot edit my delivery address,SHIPPING,change_shipping_address,"I apologize for the inconvenience you're experiencing with updating your delivery address. Please provide me with your new address, and I'll make sure it is updated in our system for you.",,,,,,,
CS-0061,BL,I don't know what to do to reset my user PIN code,ACCOUNT,recover_password,"No worries at all! I completely understand your confusion about resetting your user PIN code. Let's work together to resolve this:

1. To initiate the user PIN code reset, please navigate to the ""{{Settings}}"" section of your profile.
2. Within the account settings, look for the ""{{Security}}"" or ""{{Password}}"" tab, where you'll find the option to reset your PIN code.
3. Click on the ""{{Reset PIN}}"" or ""{{Forgot PIN}}"" button to start the reset process.
4. You might be prompted to verify your identity through additional security checks, which may include answering security questions or providing a code sent to your registered email or phone number.
5. Once the verification is complete, you'll be able to set up a new PIN code for your user account.

If you encounter any difficulties or have further questions during this process, please don't hesitate to reach out. We're here to support you every step of the way!""",,,,,,,
CS-0062,BLW,I want assistance to check the goddamn payment methods,PAYMENT,check_payment_methods,"Thank you for reaching out! I'm here to assist you in checking our available payment methods. We want to provide you with the convenience and ease you deserve when making payments with us. Here are the payment methods we offer:

- **Credit/Debit Card:** We accept major credit and debit cards like Visa, Mastercard, and American Express.
- **PayPal:** A widely-used online payment platform that ensures secure transactions.
- **Bank Transfer:** You can make direct payments through a bank transfer from your account.
- **Apple Pay:** A convenient payment method for Apple users.
- **Google Wallet:** Offering a fast and easy way to complete your purchases.

If you have any questions, need further assistance, or if there's anything specific you'd like to know about these payment options, please don't hesitate to ask. Your satisfaction is our top priority!",,,,,,,
CS-0063,BL,I don't know what to do to cancel purchase {{Order Number}},ORDER,cancel_order,"I hear you loud and clear your confusion about canceling purchase {{Order Number}}. Don't worry, I'm here to assist you with the process. To cancel your purchase, follow these simple steps:

1. Sign into your account: Log in to your {{Online Company Portal Info}} using your credentials.
2. Locate the order details: Navigate to the '{{Online Order Interaction}}' or '{{Online Order Interaction}}' section.
3. Find the specific purchase: Look for the purchase with the order number {{Order Number}} and click on it to access the details.
4. Initiate the cancellation: Within the order details, you should see an option labeled '{{Online Order Interaction}}' or a similar term. Click on it to proceed with the cancellation request.
5. Confirmation and feedback: The system may ask you to confirm the cancellation or provide feedback. Please follow the prompts and complete the necessary steps.

If you encounter any difficulties or have further questions during the process, our dedicated team is available during {{Customer Support Hours}} at {{Customer Support Phone Number}}. You can also reach us through the Live Chat feature on our {{Website URL}}. Your satisfaction is our priority, and we're here to help make this cancellation process as smooth as possible.",,,,,,,
CS-0064,BILMP,could you help me obtain rebates of money?,REFUND,get_refund,"Certainly, I'm here to assist you in obtaining rebates of your money. I understand that this is an important matter for you, and I will do my best to guide you through the process. To start, could you provide me with some additional details regarding the nature of the rebates you're seeking? This information will enable me to provide you with the most accurate and personalized support. Rest assured, I have the expertise and resources necessary to help you navigate this situation and work towards a satisfactory resolution.",,,,,,,
CS-0065,BL,I want assistance downloading invoice #00108,INVOICE,get_invoice,"I catch on to the fact that you need assistance with downloading invoice with the number #{{Invoice Number}}. Give me just a moment to retrieve that for you. In the meantime, is there anything else I can help you with?",,,,,,,
CS-0066,BL,I have an error updating my address,SHIPPING,change_shipping_address,Oh no! I'm sorry to hear that you're facing an error while trying to update your address. Could you please provide more details about the error message or the steps you have taken so far? This will help us better understand the issue and provide you with the appropriate solution.,,,,,,,
CS-0067,BLQ,i need help to change an item of purchase {{Order Number}},ORDER,change_order,"We're here for you to us for assistance with changing an item on purchase number {{Order Number}}. We completely understand the importance of making adjustments to your purchase to ensure your satisfaction. To help you with this request, could you please provide us with the specific details of the item you would like to change? This will allow us to promptly address your request and ensure that your purchase meets your expectations. We appreciate your patience and look forward to assisting you further.",,,,,,,
CS-0068,BLQ,i want help submitting a different delivery address,SHIPPING,set_up_shipping_address,"I'm happy to help! I'm here to assist you in submitting a different delivery address. To ensure a smooth process, please follow these steps:

1. Log in to your account on our website.
2. Navigate to the 'My Account' or 'Profile' section.
3. Look for the 'Shipping Addresses' or similar option.
4. Choose the option to 'Add a New Address' or 'Edit Shipping Addresses'.
5. Fill in the details of your desired delivery address.
6. Verify that all the information is correct and up-to-date.
7. Save the changes.

If you face any issues or need further guidance while submitting your new address, please provide specific details so that I can assist you better. Your satisfaction is our top priority!",,,,,,,
CS-0069,BCIMQ,wanna find the invoices from {{Person Name}} how can i do it,INVOICE,check_invoice,"I'll do my best! I understand that you would like to locate the invoices from {{Salutation}} {{Client Last Name}}, {{Person Name}}. To assist you, could you please provide me with some additional information? Specifically, do you have any specific date range or invoice numbers in mind? This information will help me in narrowing down the search and finding the invoices you need.",,,,,,,
CS-0070,BCEIMQV,i have paid {{Currency Symbol}}{{Refund Amount}} for a product where to get my money back,REFUND,get_refund,"I understand your concern about getting a refund for the ${{Refund Amount}} you paid for the product. To initiate the process, I recommend reaching out to our customer support team. They will guide you through the necessary steps and provide you with all the information you need to request a refund. Our customer support team is available during {{Customer Support Hours}} at {{Customer Support Phone Number}} or through the Live Chat on our website at {{Website URL}}. They will assist you in resolving this issue efficiently and ensure you receive your money back as soon as possible. Thank you for bringing this to our attention, and I apologize for any inconvenience caused.",,,,,,,
CS-0071,BLQ,want assistance talking to an operator,CONTACT,contact_human_agent,"Your input is valuable! I'm picking up that you need assistance talking to an operator. Rest assured, I'm here to help you connect with the right person who can assist you further. Before I proceed, may I kindly ask for some additional details about your concern? This will enable me to direct you to the most suitable operator who can address your specific needs. Your cooperation is greatly appreciated, and I assure you that we will make sure you receive the assistance you require.",,,,,,,
CS-0072,BILPQ,could uhelp me close a freemium account,ACCOUNT,delete_account,"Thank you for your message to us for assistance with closing your {{Account Category}} account. I understand that you're looking to terminate your account and I'm here to guide you through the process. To cancel your {{Account Category}} account, please follow the steps outlined on our website or get in touch with our customer support team who will be happy to help you with the account closure. Rest assured, we're committed to providing you with the support you need to successfully close your {{Account Category}} account.",,,,,,,
CS-0073,BLQZ,i need help to reset the pwd of m account,ACCOUNT,recover_password,"Positively! I understand that you require assistance in resetting the password for your account. Password recovery is a crucial step to ensure the security and accessibility of your account. Allow me to guide you through the process:

1. Begin by accessing the login page of your account on our platform.
2. Look for the option that says ""Forgot Password"" and click on it.
3. You will be prompted to provide the email associated with your account. Please enter it accurately.
4. In a few moments, you should receive an email containing detailed instructions on how to reset your password. Please double-check your inbox and also take a look at your spam or junk folder if needed.
5. Follow the instructions provided in the email to create a new, secure password for your account.

If you encounter any difficulties throughout this process or if the email does not arrive promptly, please feel free to reach out to me. I will be here to assist you at every step of the way. Your satisfaction and security are my utmost priorities!",,,,,,,
CS-0074,BLZ,I acn't unsubscribe to your company newsletter,SUBSCRIPTION,newsletter_subscription,"I apologize for any inconvenience you're facing with unsubscribing from our company newsletter. To better assist you, could you please provide me with your email address so that I can locate your subscription details and help you with the process? Rest assured, we value your privacy and will ensure that your request is handled promptly and efficiently. Thank you for bringing this to our attention, and we'll do our best to resolve this for you as quickly as possible.",,,,,,,
CS-0075,BEL,I do not know what I have to do to remove a {{Account Type}} account,ACCOUNT,delete_account,"I'm sensitive to the fact that you're unsure about the steps to remove your {{Account Type}} account, and I'm here to assist you. Removing a {{Account Type}} account is a straightforward process. To get started, please follow these steps:

1. Log in to your account using your credentials.
2. Navigate to the account settings or profile section.
3. Look for the option to delete or close your account.
4. Click on that option and carefully review any warnings or prompts that may appear.
5. Confirm your decision to delete the account.
6. Take note that deleting your {{Account Type}} account will permanently remove all your data, including any content or information associated with it.

If you encounter any difficulties or have any further questions during this process, please don't hesitate to let me know. I'm here to guide you and ensure a smooth account removal experience.",,,,,,,
CS-0076,BL,help seeing the ETA of order {{Order Number}},ORDER,track_order,"Thank you for contacting! I certainly recognize that you need help in seeing the Estimated Time of Arrival (ETA) for your order with the number {{Order Number}} {{Order Number}}. To check the ETA for your order, you can visit the '{{Order Number}}' section on our website. Once you're there, you should be able to see the updated ETA information. If you have any further questions or need more assistance, please feel free to let me know. I'm here to help!""",,,,,,,
CS-0077,BIL,where to lodge a complaint?,FEEDBACK,complaint,"I've deduced from your message that you are seeking information on where to lodge a complaint. Your feedback is important to us, and we appreciate your intention in reaching out. To ensure that your complaint is properly addressed, please visit our website or contact our customer support team. They will guide you through the process and provide any necessary assistance. Rest assured, we are committed to resolving your concerns and ensuring your satisfaction. How else can I assist you?""",,,,,,,
CS-0078,BL,assistance to file a claim,FEEDBACK,complaint,"I perceive that you require assistance with filing a claim, and I'm here to help you through the process. Filing a claim can be a complex and time-consuming task, but rest assured, I will guide you every step of the way. To begin, could you please provide me with some details about the nature of your claim? This will help me determine the appropriate course of action and ensure that your claim is handled efficiently and effectively.",,,,,,,
CS-0079,BIL,where can I see what payment methods are accepted?,PAYMENT,check_payment_methods,"Positively! I'm glad you're interested in our accepted payment methods. To view the complete list, you can visit our website and navigate to the ""Payment Options"" page. There, you'll find a detailed breakdown of all the payment methods we accept, along with any specific instructions or requirements for each one.

If you have any trouble finding the page or if you have any questions about a specific payment method, please don't hesitate to let me know. I'm here to assist you every step of the way.",,,,,,,
CS-0080,BELQ,i do not know how to see the eta of the order {{Order Number}},ORDER,track_order,"Thank you for reaching out! I'm here to assist you with checking the estimated time of arrival (ETA) for your order with the order number {{Order Number}}. To view the ETA, you can visit the ""{{Online Order Interaction}}"" section on our website. Once you're there, you should be able to locate your order and find the ETA information. If you encounter any issues or need further guidance, please don't hesitate to let me know. My goal is to ensure you have a seamless experience and can easily access the information you need.",,,,,,,
CS-0081,BLMZ,help to change soe of the details on my profile,ACCOUNT,edit_account,"I truly appreciate your motivation to modify some of the details on your profile. It's empowering to take control and customize your information according to your preferences. To assist you in this process, could you please let me know which specific details you'd like to update? And don't worry, I'll guide you through each step to ensure a seamless and successful profile modification. Let's get started!",,,,,,,
CS-0082,BL,I want to see when will my product arrive,DELIVERY,delivery_period,"We understand that you are eager to know when your product will arrive. To provide you with an accurate estimate, could you please provide us with the {{Tracking Number}} or {{Order Number}}? With this information, we will be able to check the status of your shipment and give you the expected delivery date. Your patience is greatly appreciated as we work together to ensure a smooth delivery experience for you.",,,,,,,
CS-0083,BL,help switching something of purchase {{Order Number}},ORDER,change_order,"I see your need for assistance in switching an item in purchase number {{Order Number}}. Our team is here to help resolve this for you. To proceed with the switch, could you please provide more details about the item you would like to switch and the alternative item you would like to replace it with? This information will enable us to assist you promptly and ensure that the switch meets your requirements. Feel free to share any specific preferences or concerns you may have. We are committed to making this process as smooth and satisfactory as possible for you.",,,,,,,
CS-0084,BLW,I want assistance removing my goddamn platinum account,ACCOUNT,delete_account,"Grateful you reached out about canceling your {{Account Category}} account. I'm here to assist you with the process. Could you please provide me with some additional details about the account you'd like to remove? This will help me guide you through the necessary steps to ensure a smooth cancellation. Your satisfaction is our top priority, and we appreciate your patience as we work together to address your concerns.",,,,,,,
CS-0085,BL,I want to check in what situations can I request a refund,REFUND,check_refund_policy,"Indeed! I completely understand your curiosity about the specific situations in which you can request a refund. Here's a comprehensive breakdown:

1. **Product/Service Defect:** If you receive a defective product or the service does not meet the promised specifications, you usually qualify for a refund.

2. **Cancellation within Grace Period:** Should you have a change of heart or need to cancel your order within the specified grace period, you would typically be eligible for a refund.

3. **Unauthorized Charges:** If you notice any unauthorized charges on your account or credit card statement, please notify us immediately. We will investigate the charges and assist you in resolving the issue, including issuing a refund if necessary.

4. **Event Cancellation:** If you purchased tickets for an event and it gets canceled without a rescheduled date, you would generally be entitled to a refund.

5. **Duplicate Charges:** If you have been charged more than once for the same item or service, please inform us promptly. We will rectify the error and process a refund for the extra charges.

6. **Non-receipt of Goods:** If you haven't received your ordered product within the expected delivery timeframe, kindly reach out to us. We will investigate the delay and, if the situation warrants, provide a refund.

It's important to note that refund policies may vary depending on the vendor or service provider. I recommend reviewing the specific terms and conditions for each purchase or reaching out to the respective customer support team for a detailed understanding of their refund policy. If you have any specific concerns or need assistance with a particular order, please provide me with the necessary details, such as the order number, and I'll be glad to help you further.

I hope this information helps you gain clarity on refund situations. If you have any other questions or require further assistance, please don't hesitate to let me know.",,,,,,,
CS-0086,B,help me creating a freemium account,ACCOUNT,create_account,"Appreciate your message and expressing your interest in creating a freemium account! I'm here to assist you every step of the way. To get started, could you please provide me with your full name, email address, and a preferred username? Once I have these details, I'll guide you through the process of creating your freemium account, ensuring that you have all the assistance you need. Rest assured that your privacy and security are of utmost importance to us, and your information will be handled with the utmost care.",,,,,,,
CS-0087,BEQ,i do not know how to create a {{Account Category}} account,ACCOUNT,create_account,"Not to worry! I'm here to guide you through the process of creating a {{Account Category}} account. To start, you can visit our website or download our app and look for the option to sign up or create an account. Typically, you'll be asked to provide your personal information like your name, email address, and a password. Once you've entered this information, you'll be able to select the {{Account Category}} account option. If you encounter any difficulties along the way, feel free to reach out to our customer support team, who will be more than happy to assist you at any stage. Let's get started on this exciting journey together!",,,,,,,
CS-0088,BIQ,how to check ur refund policy,REFUND,check_refund_policy,"I'll take care of it! Let me guide you on how you can access our refund policy. To check our refund policy, you can visit our website and navigate to the ""Terms and Conditions"" or ""Policies"" section. There, you should find detailed information about our refund policy, including the circumstances under which you may be eligible for a refund and any specific procedures you need to follow. If you have any trouble finding the refund policy or need further assistance, our customer support team is always here to help. Just reach out to them through our website, email, or phone, and they will be happy to guide you. Ensuring your satisfaction and understanding of our refund policy is a priority for us, so please don't hesitate to ask any questions you may have.",,,,,,,
CS-0089,BLZ,I want assistance editing purchase  {{Order Number}},ORDER,change_order,"We appreciate your reaching out to us for assistance with editing purchase number #{{Order Number}}. Your satisfaction is our top priority, and we're here to help you make any necessary changes. To ensure we address your request accurately, could you please provide more specific details about the edits or modifications you would like to make to your purchase? This will allow us to guide you through the necessary steps and provide you with the best solution. Thank you for your cooperation.",,,,,,,
CS-0090,BIQZ,whag do i need to do to cancel order {{Order Number}},ORDER,cancel_order,"I get it that you're uncertain about the steps required to cancel order {{Order Number}}. Allow me to provide you with the guidance you need:

1. Sign in to Your Account: Start by logging in to your {{Online Company Portal Info}} using your credentials.
2. Locate Your Orders: Once you're logged in, navigate to the '{{Online Order Interaction}}' or '{{Online Order Interaction}}' section.
3. Find the Relevant Order: Look for the order with the number {{Order Number}} and click on it for more details.
4. Initiate the Cancellation: Within the order details, you should find an option labeled '{{Online Order Interaction}}'. Please select this to begin the cancellation process.
5. Complete Any Additional Steps: Our system might prompt you with a few questions or ask for feedback. Kindly provide the necessary information to proceed.

Should you encounter any difficulties or have further queries along the way, feel free to reach out to our dedicated support team. They are available during {{Customer Support Hours}} at {{Customer Support Phone Number}} or through the Live Chat feature on our website at {{Website URL}}. We appreciate your trust in our service, and we're here to ensure your satisfaction.",,,,,,,
CS-0091,BLZ,I want help receoving the newsletter,SUBSCRIPTION,newsletter_subscription,"I appreciate your interest in receiving our newsletter! It seems you may be encountering some difficulties with receiving it. I apologize for any inconvenience caused. In order to assist you further, could you please provide me with your email address? This way, I can ensure that you are subscribed to our newsletter and receiving it without any issues. Rest assured, your privacy is of utmost importance to us, and we will handle your information with the highest level of security and care.",,,,,,,
CS-0092,BILQ,can ya show me at what time customer assistance available is,CONTACT,contact_customer_service,"Glad you contacted us! I'm clearly cognizant that you would like to know the hours when our customer assistance is available. Our dedicated team is ready to assist you during {{Customer Support Hours}}. If you have any other questions or concerns, feel free to let me know. I'm here to help!",,,,,,,
CS-0093,BLQ,need assistance seeing ur accepted payment modalities,PAYMENT,check_payment_methods,"Certainly! I'm here to help you explore our accepted payment methods. We offer a wide range of payment options to ensure convenience for our valued customers. Here are some of the accepted payment modalities:

- **Credit/Debit Card:** We accept major cards like Visa, Mastercard, and American Express for a seamless shopping experience.
- **PayPal:** A trusted and secure online payment platform widely used worldwide.
- **Bank Transfer:** You can opt for direct bank transfers to make payments from your bank account.
- **Apple Pay:** If you're an Apple user, you can conveniently make payments using Apple Pay.
- **Google Pay:** Another quick and secure option is Google Pay.

These are just a few of the accepted payment methods we offer. If you need more information about any specific payment method or assistance with any step of the payment process, feel free to ask. We're here to make your shopping experience smooth and hassle-free.",,,,,,,
CS-0094,BL,I need help restoring the PIN of my profile,ACCOUNT,recover_password,"Appreciate you reaching out to us regarding the restoration of your profile PIN. I totally understand the importance of having access to your profile and ensuring its security. Let's work together to resolve this:

1. To begin the process, please visit the ""{{Profile Settings}}"" section on our platform.
2. Look for the ""{{PIN Management}}"" option and select it.
3. You will be prompted to verify your identity to proceed with the PIN restoration. Follow the instructions carefully.
4. Once your identity is verified, you will have the option to reset your PIN. Choose a new PIN that is secure and easy for you to remember.
5. After successfully resetting your PIN, make sure to save it in a secure place to avoid any future inconveniences.

If you encounter any difficulties during this process or have any additional questions, please don't hesitate to reach out to us. We are here to guide you every step of the way. Together, we will ensure the security and accessibility of your profile.",,,,,,,
CS-0095,BK,check cancellation fee,CANCEL,check_cancellation_fee,"Certainly! Let me find the information regarding the cancellation fee for your account. Please provide me with your account details, and I will assist you further.",,,,,,,
CS-0096,BL,I have to delete an item from order {{Order Number}},ORDER,change_order,"I get that you need assistance with deleting an item from your order with the number {{Order Number}}. Our team is here to assist you with that. To ensure accuracy, can you please provide me with the details of the item you wish to remove? Providing specific information will help us expedite the process and make sure your order is just the way you want it.",,,,,,,
CS-0097,BCLM,"I paid {{Currency Symbol}}{{Refund Amount}} for this product, I need to get a rebate",REFUND,get_refund,"I understand your frustration and desire to receive a rebate for the ${{Refund Amount}} purchase you made. To assist you in this process, I recommend reaching out to our customer support team or visiting our website for information on our rebate procedures. They will guide you through the necessary steps to submit your rebate request and provide any additional documentation required. It's important to gather all the relevant details about your purchase, such as the order number, product details, and proof of payment, as this will expedite the process. Our team will review your request promptly and communicate the status of your rebate. Rest assured that we value your satisfaction and are committed to resolving this matter to your utmost satisfaction.",,,,,,,
CS-0098,BL,help to check how soon can I expect my shipment,DELIVERY,delivery_period,"We understand your eagerness to receive your shipment as soon as possible. To determine the estimated delivery time, we kindly ask you to provide us with the {{Tracking Number}} or {{Order Number}} associated with your shipment. With this information, we will be able to provide you with a precise estimate of when you can expect your shipment to arrive. Your patience is greatly appreciated as we work diligently to ensure a seamless delivery experience for you.",,,,,,,
CS-0099,BQ,i need assistance switching to the {{Account Type}} account,ACCOUNT,switch_account,"Definitely! I'm here to provide you with the assistance you need to switch to our esteemed {{Account Type}} account. Allow me to guide you through the process:

1. Log into your account: Begin by accessing your account on our platform.
2. Account settings: Once logged in, navigate to the '{{Settings}}' or '{{Profile}}' section.
3. Upgrade option: Within this section, look for an option labeled '{{Upgrade Account}}' or '{{Account Change}}'.
4. Select {{Account Type}} account: Choose the '{{Account Type}}' option from the available list.
5. Follow the prompts: Follow the on-screen instructions to complete the switch.

If you encounter any difficulties or have additional questions, feel free to reach out. I'm here to ensure a smooth transition and help you make the most of your new {{Account Type}} account. Enjoy the exclusive benefits and features that await you!",,,,,,,
CS-0100,BCL,"I have to list the payment modalities, I need assistance",PAYMENT,check_payment_methods,"I'm happy to help! I'm here to help. It's great that you're interested in learning about our payment methods. Allow me to guide you through the available options:

1. **Credit/Debit Card:** We accept major credit and debit cards like Visa, Mastercard, and American Express. You can securely enter your card details during checkout.

2. **PayPal:** This widely-used online payment platform allows you to link your bank account or credit card to make payments with ease and security.

3. **Bank Transfer:** You have the option of transferring funds directly from your bank account to complete your purchase. Simply select the bank transfer option at checkout, and we'll provide you with the necessary details.

4. **Apple Pay:** For Apple users, Apple Pay provides a seamless, secure, and convenient way to make payments using your iPhone, iPad, or Mac.

5. **Google Pay:** Android users can easily make payments using Google Pay, an efficient and secure digital wallet.

I hope this list helps you understand our payment methods better. If you have any additional questions or need further assistance, feel free to let me know. We're here to make your shopping experience as smooth as possible!",,,,,,,
CS-0101,BLQ,want assistance to retrieve the pin code of my user profile,ACCOUNT,recover_password,"Definitely! I can definitely help you retrieve the PIN code for your user profile. It's important to have access to your account and ensure its security. Let's work together to get this sorted out!

1. Open the login page for our platform by visiting ""{{Login Page URL}}"".
2. Look for the option labeled ""{{Forgot PIN}}"" and click on it.
3. You may be prompted to answer some security questions or provide additional information to verify your identity.
4. Once your identity is verified, you should receive an email with instructions on how to retrieve your PIN code.
5. Be sure to check your inbox, spam, or junk folders in case the email gets filtered there.
6. Follow the instructions in the email carefully to retrieve your PIN code successfully.

If you encounter any difficulties along the way or if you have any additional questions or concerns, please don't hesitate to reach out. We're here to assist you throughout the process and ensure that you regain access to your user profile with ease.",,,,,,,
CS-0102,BL,I try to check in which situations can I ask for a refund,REFUND,check_refund_policy,"Of course! I'm here to assist you in understanding the situations in which you can ask for a refund. 

When it comes to requesting a refund, there are several scenarios that might make you eligible. Here are a few common situations:

1. **Product or Service Defect:** If the product or service you received has a defect or doesn't match the description provided, you may be entitled to a refund.
2. **Cancellation within the Grace Period:** If you change your mind about a purchase within the specified grace period, it's usually possible to request a refund.
3. **Unauthorized Charges:** If you notice any charges on your account that you didn't authorize, we can investigate the issue and help you with a refund if necessary.
4. **Event Cancellation:** If you purchased tickets for an event that gets canceled and isn't rescheduled, you could be eligible for a refund.
5. **Duplicate Charges:** If you were charged more than once for the same item or service, please let us know so we can address the situation and issue a refund if required.
6. **Non-Delivery of Goods:** In cases where you didn't receive the product within the expected timeframe, you may be eligible for a refund.

However, it's important to note that refund policies can vary between vendors and service providers. I recommend checking the specific refund policy associated with your purchase or reaching out to the company directly for more information. If you have any specific concerns or questions regarding a particular order, please provide me with the order details, and I'll be glad to assist you further.

I hope this clarifies the situations under which you can ask for a refund. Let me know if there's anything else I can help you with!",,,,,,,
CS-0103,BLM,problems with a delivery address modification,SHIPPING,change_shipping_address,"I apologize for any inconvenience you may have experienced with modifying your delivery address. Please reach out to our customer support team, and they will assist you in resolving the issue with your address modification. Our team is dedicated to ensuring that your delivery address is updated correctly and that you receive your package without any complications.",,,,,,,
CS-0104,BLQ,need assistance to obtain a refund of my money,REFUND,get_refund,"I acknowledge that you are seeking guidance on how to obtain a refund for your money. I'm here to help you through this process. To initiate the refund request, I recommend reaching out to our customer support team directly. They have the necessary tools and expertise to assist you in navigating the refund process smoothly. Please provide them with the relevant details, such as your purchase order number and any supporting documentation, to ensure a prompt and accurate resolution. Our dedicated team is committed to addressing your concern and processing your refund request efficiently. Rest assured, we value your satisfaction and will do everything we can to assist you in obtaining the refund you deserve.",,,,,,,
CS-0105,BILZ,can you help me setting another delivery addrss up?,SHIPPING,set_up_shipping_address,"Of course! I'd be more than happy to assist you in setting up another delivery address. Let's work together to ensure a smooth process. Here's a step-by-step guide to help you:

1. Log in to your account.
2. Navigate to the 'My Account' or 'Profile' section.
3. Look for the 'Shipping Addresses' or similar section.
4. Select the option to 'Add a New Address' or 'Edit Shipping Addresses'.
5. Provide the necessary details for your new delivery address.
6. Double-check the information for accuracy.
7. Save the changes.

If you encounter any issues or need further guidance throughout the process, please don't hesitate to let me know. Your satisfaction is my top priority, and I'm here to ensure a seamless experience for you.",,,,,,,
CS-0106,BILQ,where can i get information about the pwd reset,ACCOUNT,recover_password,"I'm happy to help! I can help you find the information you need about resetting your password. Allow me to assist you:

To get information about the password reset process, you can visit our official website at {{Website URL}}. Look for the ""Help"" or ""Support"" section, where you will find detailed instructions on how to reset your password. You'll also find FAQs and articles that can provide you with additional guidance.

If you prefer to speak with a live agent, you can reach out to our customer support team at {{Customer Support Phone Number}} or use the Live Chat feature on our website. Our dedicated team is available {{Customer Support Hours}} to answer any questions you may have and provide you with step-by-step instructions to reset your password.

Remember, we are here to assist you every step of the way. Feel free to reach out if you need any further help or clarification.",,,,,,,
CS-0107,BCLMQ,wanna see what delivery options are there i need help,DELIVERY,delivery_options,"For sure! I'm here to assist you in exploring the wide array of delivery options available. Let's dive into the realm of convenience and choice! 

1. Standard Shipping: This is the ideal option if you're not in a hurry and can patiently await your package to arrive within our estimated {{Date Range}} business days.
2. Expedited Shipping: If time is of the essence, our expedited shipping service will ensure that your items reach you in {{Date Range}} business days.
3. Overnight Shipping: For those urgent needs that simply can't wait, our overnight shipping is designed to deliver your items to your doorstep by the next business day.
4. In-Store Pickup: If you prefer a more hands-on approach, why not drop by one of our {{Store Location}} to collect your items conveniently.

Now that you have an overview of our delivery options, is there anything specific you would like to know or any other way I can be of assistance?",,,,,,,
CS-0108,BKLZ,update purcahse {{Order Number}},ORDER,change_order,"I comprehend your need to update your purchase with the order number {{Order Number}}. We're here to assist you every step of the way. To ensure accurate and efficient updates, please let us know the specific changes you would like to make to your purchase. Providing us with details about the items you want to update will enable us to promptly process your request and ensure your satisfaction. Thank you for allowing us to serve you better.",,,,,,,
CS-0109,BLMQ,i need assistance demanding compensations of my money,REFUND,get_refund,"I've deduced from your message that you need assistance in demanding compensations for your money. I'm here to guide you through the process and ensure that you receive the compensation you deserve. To provide you with the most accurate assistance, could you please provide me with some more details about the situation? This will help me understand the context and come up with the best strategy to help you demand your compensations effectively. Your satisfaction is my priority, and I'm committed to working with you every step of the way to resolve this issue.",,,,,,,
CS-0110,BLQZ,want help to check what hours i cancall customer service,CONTACT,contact_customer_service,We're all ears! I'm tuned into the idea that you would like assistance in determining the hours during which you can contact our customer service team. Our dedicated customer service representatives are available to assist you during {{Customer Support Hours}}. You can reach out to them either through our {{Live Chat Feature}} on our website or by calling our customer service phone number at {{Customer Support Phone Number}}. We strive to provide support when it's most convenient for you. Is there anything else I can help you with?,,,,,,,
CS-0111,BELQZ,i do not nkow how to delete the premium account,ACCOUNT,delete_account,"I'm sorry to hear that you're unsure about how to delete your premium account. I'm here to assist you with the process and provide you with the necessary guidance. Could you please provide some more information? For example, are you facing any specific difficulties or do you need step-by-step instructions on how to delete your premium account? Your input will allow me to provide you with the most accurate and helpful assistance.",,,,,,,
CS-0112,BCL,"I have got to submit the new shipping address, I need help",SHIPPING,set_up_shipping_address,"I'm conscious of the reality that you're looking for assistance in submitting your new shipping address. Don't worry, I'm here to help you through the process. To submit a new shipping address, please follow these steps:

1. Log in to your account on our website.
2. Navigate to the 'My Account' or 'Profile' section.
3. Look for the 'Shipping Addresses' or similar option.
4. Click on the option to 'Add a New Address' or 'Edit Shipping Addresses'.
5. Fill in the required details for your new shipping address, such as the recipient name, address line, city, state, and zip code.
6. Double-check the information you entered for accuracy before proceeding.
7. Once you're satisfied, click on the 'Submit' or 'Save' button to submit your new shipping address.

If you encounter any difficulties or if the process looks different in your specific case, please provide more details about the specific challenges you're facing, and I'll be more than happy to provide further assistance.",,,,,,,
CS-0113,BEL,I do not know what I have to do to make a reclamation,FEEDBACK,complaint,"I've grasped that you're unsure about the steps to make a reclamation. I apologize for any confusion or inconvenience you may have encountered. To assist you with the process, could you please provide me with more details about the nature of the reclamation you need to make? This information will enable me to guide you through the necessary steps and ensure a smooth resolution.",,,,,,,
CS-0114,BILQ,is there a method to submit a review for ur company,FEEDBACK,review,"Of course! We greatly appreciate your willingness to provide a review for our company. Your valuable feedback helps us continually improve our products and services. To submit a review, you can visit our website and navigate to the ""Reviews"" section. There, you will find a form where you can share your thoughts, experiences, and suggestions. We genuinely value your opinion and look forward to hearing from you. If you have any further questions or need assistance with the review submission process, please feel free to let us know.",,,,,,,
CS-0115,BL,I am calling to leave my feedback for your products,FEEDBACK,review,"Greetings! Thank you so much for taking the time to reach out and share your feedback with us. We greatly value your insights regarding our products, as they allow us to continually improve and exceed your expectations. Our dedicated team is here to listen and address any concerns or comments you may have. Please feel free to let us know how we can assist you in sharing your feedback, whether it's providing you with an email address or any other means that best suits your convenience. We truly appreciate your effort in making our products even better.",,,,,,,
CS-0116,BCLQ,i aint registered yet assistance creating a {{Account Type}} account,ACCOUNT,create_account,"Thanks for dropping us a line to us for assistance in creating a {{Account Type}} account. I'm here to guide you through the process. To get started, could you please provide me with your full name, email address, and a preferred username? Once I have these details, I'll ensure a smooth and seamless account creation experience for you. Rest assured that your personal information will be treated with the utmost care and security. Let's begin your journey to a {{Account Type}} account!",,,,,,,
CS-0117,BL,I need assistance checking how soon can I expect my delivery,DELIVERY,delivery_period,"I pick up what you're putting down, your excitement to receive your delivery and the desire to have an estimated timeframe. To provide you with the most accurate information, may I kindly ask for the {{Tracking Number}} or {{Order Number}} associated with your delivery? With that information, I will be able to provide you with an expected delivery date. Your patience is greatly appreciated as we work on resolving this for you.",,,,,,,
CS-0118,BLM,I want to know if there are any news on my refund,REFUND,track_refund,"Firstly, thank you for reaching out and showing your interest in staying updated on the status of your refund. We understand that timely information is crucial to you. Let me check the latest updates on your refund and provide you with the most accurate information available. While I gather the details, please feel free to let me know if you have any other questions or concerns. Your satisfaction is our top priority, and we are committed to ensuring a seamless refund process for you.",,,,,,,
CS-0119,BIL,can I unsubscribe to your corporate newsletter?,SUBSCRIPTION,newsletter_subscription,"Of course, I understand that you would like to unsubscribe from our corporate newsletter. Our newsletters are designed to provide valuable information and updates to our subscribers, but I completely respect your decision if you no longer wish to receive them. To unsubscribe, you can simply click on the ""Unsubscribe"" link at the bottom of any newsletter email you receive from us. Alternatively, you can let me know your email address, and I'll make sure to remove you from our mailing list right away. Your feedback is important to us, so if there's any specific reason why you wish to unsubscribe, please feel free to share it with me. We're always striving to improve our content and tailor it to our subscribers' preferences. Thank you for your understanding and support.",,,,,,,
CS-0120,BILMQ,where do i inform of a trouble with payments,PAYMENT,payment_issue,"I've picked up that you're encountering some troubles with your payments and you're looking for a way to report them. Our dedicated customer support team is here to assist you and gather all the necessary details about the issue. You can reach out to them by visiting our website and navigating to the 'Contact Us' or 'Support' page. Alternatively, you can also connect with our support team through our customer support hotline at {{Customer Support Phone Number}} or via our live chat feature on our website. They will guide you through the process of reporting the payment trouble and ensure that your concerns are properly addressed. We appreciate your patience and cooperation as we work together to resolve this matter.",,,,,,,
CS-0121,BKM,check invoices from last purchase,INVOICE,check_invoice,"I realized that you want to check the invoices from your last purchase. To assist you further, could you please provide me with the order number or any other relevant information related to the purchase? This will help me locate the invoices more efficiently and provide you with the necessary details.",,,,,,,
CS-0122,BILQZ,what od i have to do to download bill #00108,INVOICE,get_invoice,"Sure! I understand that you want to download the bill with the number {{Invoice Number}}. To download your bill, please follow these steps:

1. Log in to your account on our website.
2. Navigate to the ""Billing"" or ""Invoices"" section.
3. Look for the option to view or download your invoices.
4. Select the specific month or date range that includes the bill with the number {{Invoice Number}}.
5. Click on the download button or link to save the bill to your device.

If you encounter any issues or need further assistance, please let me know. I'm here to help!""",,,,,,,
CS-0123,BLM,I am trying to request compensations of money,REFUND,get_refund,"I acknowledge that you are currently attempting to request compensations for your money. I apologize for any inconvenience you may have experienced that led you to seek compensation. To assist you with this, could you please provide me with more details about the situation? Specifically, what was the reason behind your request for compensations? By understanding the specifics of your case, I can determine the most appropriate course of action and work towards finding a satisfactory solution for you. Your feedback is essential, and I appreciate your trust in us to address your concerns.",,,,,,,
CS-0124,BKLM,update details on freemium account,ACCOUNT,edit_account,"It's truly inspiring to witness your dedication to keeping your freemium account up-to-date and relevant. Your commitment to refining and updating the details is commendable. To provide better assistance, could you kindly specify which details you would like to update? Whether it's personal information, payment details, or any other specific details, we're here to guide you through the process. Remember, your privacy and security are of the utmost importance to us. Let's work together to make the necessary changes and ensure your freemium account is tailored to your needs.",,,,,,,
CS-0125,BLM,I am trying to check what delivery methods you offer,DELIVERY,delivery_options,"Absolutely! Allow me to provide you with the necessary information about our diverse range of delivery methods. We take pride in offering several options tailored to suit your needs:

1. Standard Shipping: This option is perfect for non-urgent items and typically arrives within {{Date Range}} business days.
2. Expedited Shipping: If you're looking for a faster delivery, this option will get your items to you in {{Date Range}} business days.
3. Overnight Shipping: For those urgent needs, we provide next business day delivery to ensure your items arrive quickly.
4. In-Store Pickup: If you prefer a more personalized experience and are near one of our {{Store Location}}, you have the option to grab your items in-store.

Our goal is to provide you with convenience and ensure your satisfaction throughout the entire delivery process. If you have any specific questions or if there's anything else I can assist you with, please feel free to let me know.",,,,,,,
CS-0126,BL,help me writing a comment for a service,FEEDBACK,review,"Thank you for seeking assistance in crafting a comment about our service! I'm here to guide you through the process. To start, think about your overall experience with our service and consider highlighting specific aspects that stood out to you. You can begin with a positive introduction, followed by any areas of improvement you may have noticed. It's also helpful to include any specific examples or anecdotes that illustrate your experience. Remember to keep your comment concise, clear, and respectful. Once you have your draft, feel free to share it with me, and I'll be more than happy to provide feedback and suggestions. Let's create a remarkable comment together!",,,,,,,
CS-0127,BEL,I do not know how to check the cancellation charge,CANCEL,check_cancellation_fee,"No problem! I can assist you with checking the cancellation charge. To find out the cancellation fee for your account, you can refer to our website and go to the ""Account"" section. From there, you should be able to locate the information regarding the cancellation charge and any applicable fees. If you need any further assistance, feel free to let me know!",,,,,,,
CS-0128,BLQZ,i want help to close my {{Account Category}} accouny,ACCOUNT,delete_account,"We appreciate your inquiry about closing your {{Account Category}} account. I understand that you may have reasons for wanting to terminate your account, and I want to ensure that I fully support you in this process. To get started, could you please provide me with some additional details or clarify any specific questions or concerns you have regarding the account closure? Your satisfaction is our priority, and we are here to assist you every step of the way.",,,,,,,
CS-0129,BL,information about receiving your company newsletter,SUBSCRIPTION,newsletter_subscription,"It's fantastic that you're interested in receiving our company newsletter! Our newsletter is designed to keep you up to date with all the latest news, updates, promotions, and exclusive insights from our company. To subscribe, you just need to provide us with your email address, and we'll take care of the rest. Rest assured, we value your privacy and will handle your information with the utmost care. Subscribing to our newsletter will allow you to stay connected and gain access to valuable content straight to your inbox. Is there anything specific you would like to know about our newsletter or the subscription process? I'm here to assist you!",,,,,,,
CS-0130,BLZ,help to see thje ETA of purchase {{Order Number}},ORDER,track_order,"We're here for you! I'm aware that you need assistance in checking the estimated time of arrival (ETA) for your purchase with the purchase number {{Order Number}}. To view the ETA, you can visit the ""Order History"" section on our website or check the confirmation email you received when placing the order. If you're unable to find the information, I'm here to help guide you through the process. Just let me know, and together we'll make sure you have all the details you need to track your purchase effectively.",,,,,,,
CS-0131,BILSZ,do you shp to {{Delivery City}}?,DELIVERY,delivery_options,"Ah, the allure of {{Delivery City}}! No worries, my friend, we most certainly ship to {{Delivery City}}. We deliver our exceptional products to various destinations worldwide, including {{Delivery City}}. So you can easily get your desired items right at your doorstep. If you have any further questions or if there's anything specific you would like to know about our shipping process, feel free to ask. It's my pleasure to assist you every step of the way!",,,,,,,
CS-0132,BLZ,helo to contact an assistant,CONTACT,contact_human_agent,"Your input is valuable! I'm picking up that you're looking to contact an assistant. Our team of dedicated human representatives is here to assist you. To connect with an assistant, please provide some details about the specific assistance you require. By understanding your needs, we can ensure that the right person is available to help you. Take a moment to provide more information, and we'll make sure you're connected with the right assistant.",,,,,,,
CS-0133,BCILQ,i have got to get bill #37777 how to do it,INVOICE,get_invoice,"No problem at all! I completely understand your need to get your bill with the number #{{Invoice Number}}. To download your bill, you can follow these steps:

1. Log in to your account on our website.
2. Navigate to the ""Billing"" or ""Invoices"" section.
3. Look for the option to download or view your invoice.
4. Click on the download or view button to access your bill.
5. If prompted, choose the format in which you prefer to download the bill (PDF, Excel, etc.).
6. Save the downloaded file to your desired location on your device.

If you encounter any difficulties or have further questions, please don't hesitate to let me know. I'm here to assist you every step of the way!",,,,,,,
CS-0134,BKL,open pro account for wife,ACCOUNT,create_account,"Thank you for your interest in opening a {{Account Type}} account for your wife! We value your trust in our services, and I'm here to guide you through the process step by step. To initiate the account creation, could you please provide your wife's full name, email address, and a preferred username for her account? I want to assure you that her security and privacy are of utmost importance to us, and we will handle her information with the utmost care. Feel free to ask any questions along the way, as I'm here to assist you. How does this sound?",,,,,,,
CS-0135,BL,I need assistance using the {{Account Category}} profile,ACCOUNT,switch_account,"I'll get right on it! I'm delighted to provide you with the support you require to maximize the benefits of your {{Account Category}} profile:

1. **Understanding Your Needs:** Please share specific areas where you require assistance. Whether it's navigating through certain features or accessing exclusive benefits, I'm here to guide you every step of the way.
2. **Tailored Recommendations:** Once I fully understand your requirements, I can provide you with personalized recommendations and tips on how to make the most of your {{Account Category}} profile.
3. **Exploring Features:** Let's dive deeper into the {{Account Category}} profile's exciting features together. From accessing premium content to unlocking exclusive offers, I'll provide you with step-by-step instructions on how to utilize each feature.
4. **Troubleshooting:** If you encounter any challenges or have questions while using the {{Account Category}} profile, feel free to reach out. I'm here to provide prompt assistance and resolve any issues you may face.
5. **Regular Updates:** Stay tuned for regular updates and pro tips to help you fully leverage the exciting possibilities that the {{Account Category}} profile offers.

Remember, I'm here to support you every step of the way. Please don't hesitate to ask any questions or share your concerns. Together, let's make your {{Account Category}} profile experience exceptional!",,,,,,,
CS-0136,BILQ,what do i need to do to use the premium profile,ACCOUNT,switch_account,"Absolutely! I appreciate your interest in utilizing the premium profile and all the exclusive perks that come with it. To get started, here's what you need to do:

1. Access Your Account: Begin by logging into our platform using your credentials.
2. Profile Management: Once inside, navigate to your 'Account Settings' or 'Profile' section.
3. Upgrade Option: Look for an option that reads 'Upgrade' or 'Switch Account Type'.
4. Select {{Account Category}} Profile: Choose the '{{Account Category}} Profile' option from the available list.
5. Confirmation Process: Follow the on-screen prompts to confirm and finalize the switch.

If you have any questions or encounter any issues during the process, don't hesitate to reach out to our friendly customer support team. They're available 24/7 and will be more than happy to assist you.

With the premium profile, you'll unlock a world of additional features and benefits. Enjoy the enhanced experience and exclusive privileges that come with your upgraded status!",,,,,,,
CS-0137,BILQ,where do i check how long it takes for my shipment to arrive,DELIVERY,delivery_period,"Understanding your curiosity about the estimated time of arrival for your shipment, we can provide you with the necessary information through our tracking system. Could you please provide me with your {{Tracking Number}} or {{Order Number}}? Once we have that, we will be able to give you accurate details regarding the expected delivery time. Thank you for your collaboration in this matter.",,,,,,,
CS-0138,BLQ,i dont know what i need to do to download invoice #12588,INVOICE,get_invoice,"I'm on the same wavelength, your uncertainty about the process of downloading invoice #{{Invoice Number}}. Allow me to guide you step by step on how to do it. First, log in to your account on our website and navigate to the ""Billing"" or ""Invoices"" section. Look for the specific invoice number #{{Invoice Number}} and click on the ""Download"" button or link next to it. Depending on your browser settings, the invoice will either open directly or be saved to your device. If you have any further questions or encounter any difficulties during the process, please let me know and I'll be more than happy to assist you further.",,,,,,,
CS-0139,BELQ,i do not know how to download my bill #00108,INVOICE,get_invoice,"I've got that you're unsure about how to download your bill with the number #{{Invoice Number}}. Let me guide you through the process step by step. First, please log in to your account on our website. Once you've logged in, navigate to the ""Billing"" section. In that section, you should find an option to ""Download Invoice."" Click on that option, and the invoice with the number #{{Invoice Number}} should start downloading automatically. If you encounter any difficulties during this process, please let me know, and I'll be glad to assist you further.",,,,,,,
CS-0140,BCELN,"I do not want this item, cancel order {{Order Number}}",ORDER,cancel_order,"I've observed that you no longer want the item associated with the order number {{Order Number}}. I apologize for any inconvenience this may have caused. Let's proceed with canceling your order to ensure your satisfaction. Here's what you need to do:

1. Sign into Your Account: Log in to your {{Online Company Portal Info}}.
2. Access Your Orders: Go to the '{{Online Order Interaction}}' or '{{Online Order Interaction}}' section.
3. Locate the Order: Look for the order with the number {{Order Number}} and click on it.
4. Initiate Cancelation: You will find a '{{Online Order Interaction}}' option associated with your purchase. Please select it.
5. Confirm the Cancellation: Follow any additional prompts or provide feedback as required to complete the cancellation process.

If you have any further questions or encounter any hiccups along the way, our dedicated support team is available to assist you. You can reach out to us during {{Customer Support Hours}} at {{Customer Support Phone Number}} or use the Live Chat feature on our {{Website URL}}. Your satisfaction is our top priority, and we are here to ensure a seamless experience for you.",,,,,,,
CS-0141,BLQ,i have a problem with opening a {{Account Category}} account,ACCOUNT,create_account,"I'm sorry to hear that you're facing difficulties in opening a {{Account Category}} account. Our aim is to ensure a seamless experience for you, so rest assured, I'm here to assist you in resolving this issue. To better understand the problem, could you please provide me with specific details about the challenge you're facing? Whether it's an error message, confusion about the process, or any other concern, sharing these details will allow me to provide you with the most effective solution. Together, we'll work towards getting your {{Account Category}} account open smoothly.",,,,,,,
CS-0142,BL,I want information about the delivery methods,DELIVERY,delivery_options,"Assuredly! I'm thrilled to provide you with detailed information about our delivery methods. Here are the options we offer:

1. Standard Shipping: This is our standard delivery option, which typically arrives within {{Date Range}} business days. It's perfect for non-urgent items.

2. Expedited Shipping: For those who need their items a bit faster, we offer expedited shipping. With this option, you can expect your items to arrive within {{Date Range}} business days.

3. Overnight Shipping: If you require your items urgently, our overnight shipping option ensures delivery by the next business day.

4. In-Store Pickup: For the ultimate convenience, you can also choose the in-store pickup option. Simply select this option during checkout and you can pick up your items from one of our {{Store Location}} at your convenience.

We strive to provide flexible and convenient delivery solutions for our valued customers. If you have any specific questions or if there's anything else I can assist you with, please feel free to let me know. Your satisfaction is our top priority!",,,,,,,
CS-0143,BLM,mail me my invoices from {{Person Name}},INVOICE,get_invoice,"I'm happy to help! I completely understand your need to receive your invoices from the esteemed Ms. {{Person Name}}. To ensure the privacy and security of your personal information, I kindly request that you provide me with an email address where I can send the invoices. Once I have received the email address, I will promptly send you the requested invoices. Thank you for your cooperation, and please let me know if there's anything else I can assist you with.",,,,,,,
CS-0144,BKL,create new {{Account Type}} account for daughter,ACCOUNT,create_account,"How wonderful that you want to create a {{Account Type}} account for your daughter! We offer a range of account options suitable for children. To proceed with the account creation, we will need some details. Could you please provide your daughter's full name, date of birth, and your contact information? Rest assured that we prioritize the security and privacy of our customers, including our youngest ones. Once we have the necessary information, we will guide you step-by-step through the process to create the account for your daughter. Feel {{Account Type}} to ask any questions or share any specific preferences you may have. We look forward to helping you create an account tailored to your daughter's needs and ensuring a smooth experience for you both.",,,,,,,
CS-0145,BKLM,notify of trouble with online payments,PAYMENT,payment_issue,"I'm sorry to hear that you're experiencing trouble with online payments. Rest assured, we are here to help resolve this issue for you. To assist you better, could you please provide specific details about the trouble you are facing? This will enable us to identify the root cause and offer appropriate solutions. Your feedback is invaluable, and we appreciate your patience as we work towards resolving this matter. Thank you for reaching out to us.",,,,,,,
CS-0146,BCIL,"I have to enter the shipping address, how do I do it?",SHIPPING,set_up_shipping_address,"I appreciate you reaching out to us for guidance on entering your shipping address. Here's a step-by-step approach to assist you:

1. Log in to your account on our website.
2. Navigate to the ""Shipping"" or ""Shipping Address"" section, usually found in the ""Account"" or ""Profile"" menu.
3. Look for an option such as ""Add Address,"" ""Enter New Shipping Address,"" or ""Edit Shipping Address.""
4. Click on the option and fill in the required fields with the accurate details of your shipping address, including street name, house/apartment number, city, state, and ZIP code.
5. Double-check the entered information for any errors or missing details.
6. Save the changes you made to submit your shipping address.

By following these steps, you'll be able to successfully enter your shipping address. Should you encounter any difficulties or need further assistance, please don't hesitate to let me know.",,,,,,,
CS-0147,BL,I have a question about the deletion of my {{Account Type}} account,ACCOUNT,delete_account,"I'm glad you contacted us to us with your question about deleting your {{Account Type}} account. I understand that you might have concerns or inquiries regarding this process. Can you please provide some more details about the specific question you have? This will help me provide you with the most accurate information and guide you through the deletion process effectively. Remember, we value your time and want to ensure that you have a hassle-{{Account Type}} experience.",,,,,,,
CS-0148,BLQZ,help me check in which cvases can i ask for my money back,REFUND,check_refund_policy,"Unquestionably! I'm here to assist you in understanding the cases in which you can request a refund. Here are some common scenarios:

1. **Product Defect:** If the product you receive is defective or doesn't match its description, you can usually request a refund.
2. **Canceled Orders:** If you decide to cancel your order within the specified cancellation window, you are often eligible for a refund.
3. **Unauthorized Charges:** If you notice any charges on your account that you didn't authorize, please let us know so we can investigate and assist you with a refund if necessary.
4. **Non-Delivery of Goods/Services:** If you don't receive the goods or services you purchased within the expected timeframe, you may be entitled to a refund.
5. **Duplicate Charges:** If you see duplicate charges on your account for the same item, please reach out to us so we can rectify the situation and issue a refund if appropriate.
6. **Event Cancellations:** If an event is canceled and not rescheduled, you should typically be able to obtain a refund for your ticket.

Please keep in mind that these are general guidelines, and specific refund policies may vary depending on the vendor or service provider. It's always recommended to review the terms and conditions or contact the provider directly for more detailed information.

If you have any specific questions or concerns about a particular order or refund, please provide me with the relevant details, such as the order number or any other pertinent information, and I'll be happy to assist you further.",,,,,,,
CS-0149,BLZ,I have a trouble correcing the address,SHIPPING,change_shipping_address,"I apologize for the inconvenience caused. If you're experiencing difficulties in correcting your address, please reach out to our customer support team. They'll be able to assist you in resolving the issue promptly.",,,,,,,
CS-0150,BKLZ,file customerr claim,FEEDBACK,complaint,"I've taken note that you need assistance in filing a customer claim. I apologize for any inconvenience you may have experienced and I'm here to help. To proceed with the claim, I will need some details from you, such as the nature of the claim, any supporting documentation, and your contact information. Rest assured that your claim will be given the attention it deserves and will be reviewed thoroughly. Our goal is to resolve your claim in a fair and efficient manner. How can I assist you further with filing your claim?",,,,,,,
CS-0151,BEL,I do not know how I can change to the {{Account Category}} account,ACCOUNT,switch_account,"It's completely fine if you're unsure about how to switch to the {{Account Category}} account. I'm here to provide you with the necessary guidance:

1. Log in: Begin by logging into our platform using your existing account credentials.
2. Account Settings: Once you're logged in, navigate to the ""{{Settings}}"" section. You can usually find this by clicking on your profile icon or username.
3. Switch to {{Account Category}}: Within the Account Settings, look for an option that says ""{{Account Change}}"" or something similar.
4. Select {{Account Category}}: Choose the {{Account Category}} account option from the list of available account types.
5. Confirm the Change: Follow the on-screen prompts to confirm the switch to the {{Account Category}} account.

If you encounter any difficulties or have further questions, feel free to reach out to our dedicated support team. We're here to make sure your transition to the {{Account Category}} account is smooth and hassle-free.",,,,,,,
CS-0152,BL,assistance contacting a person,CONTACT,contact_human_agent,I see what you mean! I'm on the same page that you need assistance in contacting a person. Our team of dedicated human agents is here to help you with any questions or concerns you may have. Please allow me a moment to connect you with the right person who can provide the support you need.,,,,,,,
CS-0153,BIL,can you help me recover the key of my profile?,ACCOUNT,recover_password,"Unquestionably! I'm here to assist you in recovering the key of your profile. 

To begin the process, please follow these steps:

1. Visit our platform's ""{{Login Page URL}}"" to start the recovery journey.
2. Look for the option that says ""{{Forgot Key}}"" and click on it.
3. You will then be prompted to provide the email associated with your profile.
4. Once you've entered the email, our system will guide you through the rest of the recovery procedure.
5. Keep an eye on your inbox for an email with detailed instructions on how to recover your key. If you don't see it in your main inbox, please check your spam or junk folders just in case.

Remember, if you encounter any difficulties or have any questions along the way, don't hesitate to reach out. We're here to support you every step of the way to ensure a smooth and successful recovery process.",,,,,,,
CS-0154,BILMQ,how to correct some of the details on my user profile,ACCOUNT,edit_account,"What an incredible endeavor you're embarking on, aiming to correct the details on your user profile!I'm here to guide you through this process and ensure a smooth and seamless experience. To correct the details on your user profile, you can follow these simple steps:

1. Log in to your account on our website or mobile app.
2. Navigate to your account settings or profile page.
3. Look for the section where you can edit your personal information.
4. Click on the relevant fields to make the necessary corrections.
5. Double-check your changes for accuracy and completeness.
6. Save or update your profile to apply the changes.

If you encounter any issues or need further assistance, our dedicated customer support team is always available to help you. Simply reach out to them via [customer support phone number or email]. We're committed to ensuring that your user profile reflects the correct and up-to-date information. Let me know if you have any other questions or if there's anything else I can assist you with.",,,,,,,
CS-0155,BL,see purchase {{Order Number}} current status,ORDER,track_order,"Thank you for reaching out! I'm here to assist you in checking the current status of your purchase with the purchase number {{Order Number}}. To view the status, please visit the '{{Online Order Interaction}}' section on our website. If you have any other questions or need further assistance, feel free to let me know. I'm dedicated to ensuring you have a seamless experience!",,,,,,,
CS-0156,BLQ,want help sending feedback about a service,FEEDBACK,review,Thank you for expressing your interest in providing feedback regarding our service! Your input is highly valued as it allows us to enhance our service offerings and cater better to your needs. I'll be glad to guide you through the process of submitting your feedback. Please let me know how I can assist you further.,,,,,,,
CS-0157,BIM,what do I need to do to buy several items?,ORDER,place_order,"Thank you for your interest in purchasing several items! To make the buying process smooth and efficient, I recommend following these steps:

1. Browse our website/catalog: Take your time to explore our collection of items. You can filter your search based on categories, prices, or any specific features you are looking for.

2. Add items to your cart: Once you've found the items you want, click on the ""Add to Cart"" button to include them in your shopping cart. You can continue browsing and adding more items to your cart.

3. Review your cart: When you're ready to proceed, click on the shopping cart icon at the top of the page to review the items you've selected. Ensure that you have the correct quantity and variations (if applicable).

4. Proceed to checkout: Click on the ""Checkout"" button to initiate the purchase process. You may be required to provide shipping and billing information. If you have an account with us, you can also log in to retrieve your saved information.

5. Choose a payment method: Select your preferred payment method from the available options. We accept various payment methods, including credit/debit cards, PayPal, and bank transfers. Follow the prompts to complete the payment process.

6. Review and confirm your order: Before finalizing your purchase, carefully review your order summary. Pay attention to the items, quantities, prices, and any additional charges such as shipping fees or taxes. If everything looks good, click on the ""Place Order"" or ""Confirm Purchase"" button to complete the transaction.

7. Receive order confirmation: After successfully placing your order, you will receive an order confirmation email with all the details of your purchase. This email will serve as proof of your order, and it may include estimated delivery dates and other relevant information.

Please note that the specific steps may vary depending on our website's interface and the products you wish to purchase. Additionally, if you require any assistance or encounter any issues during the buying process, our dedicated customer service team is available to support you.

Happy shopping, and thank you for choosing us as your trusted provider of quality items!",,,,,,,
CS-0158,BIL,can you tell me your allowed payment modalities?,PAYMENT,check_payment_methods,"I'm happy to help! I'm here to provide you with the information you need. We offer various payment methods to cater to our customers' preferences. Here is a list of our allowed payment modalities:

- **Credit/Debit Card:** You can conveniently use major cards such as Visa, Mastercard, and American Express.
- **PayPal:** A widely recognized and trusted online payment platform.
- **Bank Transfer:** Make direct payments from your bank account for a hassle-free transaction.
- **Apple Pay:** If you're an Apple user, you can easily make payments through this secure method.
- **Google Wallet:** Google's payment system enables quick and secure checkout.

These are the payment modalities currently allowed. If you have any further questions or need assistance with any of these methods, please let me know. I'm here to help!",,,,,,,
CS-0159,BLZ,I need to receive thecorporate newsletter,SUBSCRIPTION,newsletter_subscription,"We understand how important it is for you to receive our corporate newsletter. It's a fantastic way to stay informed about the latest updates, promotions, and valuable insights from our company. To subscribe, simply provide us with your email address and we'll ensure you receive our newsletter promptly. Rest assured, your privacy is of utmost importance to us. Feel free to share your email address with complete confidence.",,,,,,,
CS-0160,BL,assistance to file a customer claim,FEEDBACK,complaint,"I'm sorry to hear that you're in need of assistance to file a customer claim. Rest assured, I'm here to help guide you through the process and ensure that your concerns are addressed promptly and thoroughly. To begin, could you please provide me with the specific details of your claim? This information will help us understand the situation better and take appropriate action to resolve it. Your feedback is invaluable to us, and we are committed to making things right.",,,,,,,
CS-0161,BCILMP,"I have to shop a few of your product, how could I do it?",ORDER,place_order,"Thank you for expressing your interest in shopping for a few of our products! We're excited to assist you in making your purchase. To get started, you can browse through our product catalog on our website to find the items you're looking for. Once you've identified the products you want, you can add them to your cart and proceed to the checkout page. At the checkout, you'll be prompted to enter your shipping and billing information, as well as select your preferred payment method. Once the order is confirmed, you'll receive an email with the details of your purchase. If you have any questions or need assistance at any step, our customer support team is available to help you. Happy shopping!",,,,,,,
CS-0162,BKL,correcting information on premium account,ACCOUNT,edit_account,"How remarkable it is to embark on this transformative journey of correcting the information on your esteemed premium account!I am delighted to assist you in this empowering process and ensure that your account details are accurately updated to align with your specific requirements and preferences. To get started, could you please provide me with the specific information you would like to correct? Feel free to share the details, and I'll guide you through the necessary steps to achieve the desired changes.",,,,,,,
CS-0163,BLM,I have to delete several items from purchase {{Order Number}},ORDER,change_order,"Thanks for dropping us a line to us with your inquiry about deleting several items from purchase with the number {{Order Number}}. We understand that you may have changed your mind or encountered any other reasons for modifying your order. Our team is here to provide the necessary assistance. To help you with this request, could you please provide us with the specific items you would like to remove? This way, we can ensure that the necessary changes are made promptly and accurately. We appreciate your cooperation and look forward to helping you with your purchase modification.",,,,,,,
CS-0164,BLZ,there is a trouble correcting my delivery adxdress,SHIPPING,change_shipping_address,"I apologize for the inconvenience you have faced while trying to correct your delivery address. Our team is here to assist you in resolving this issue. Please provide us with your order details, and we will ensure that your delivery address is updated accurately.",,,,,,,
CS-0165,BCL,"I entered a wrong delivery address, help me editing it",SHIPPING,change_shipping_address,"No problem! If you have entered the wrong delivery address, we can definitely help you edit it. Please reach out to our customer support team with your order details and the correct address, and they will assist you in making the necessary changes.",,,,,,,
CS-0166,BLM,show me what shipping options you offer,DELIVERY,delivery_options,"Indeed! I'm thrilled to provide you with an overview of our shipping options. Here are the choices tailored to suit your needs:

1. Standard Shipping: This option typically arrives within 5-7 business days, making it ideal for non-urgent items.

2. Expedited Shipping: If you're looking for a faster option, expedited shipping ensures delivery within 2-3 business days.

3. Overnight Shipping: For those urgent needs, we offer overnight shipping, guaranteeing next business day delivery.

4. In-Store Pickup: If you prefer the convenience of picking up your items personally, we have the in-store pickup option available at our designated locations.

These shipping options provide flexibility to align with your preferences and accommodate your schedule. Should you have any further inquiries or require additional assistance, I am here to help. Let's make your shipping experience as smooth and seamless as possible!",,,,,,,
CS-0167,BELQZ,i do not kno what to do to locate purchase {{Order Number}},ORDER,track_order,"We're all ears! I'm tuned into the idea that you are unsure about what steps to take to locate your purchase with the purchase number {{Order Number}}. I'm here to help you with that. To locate your purchase, you can visit our website and go to the '{{Online Order Interaction}}' section. From there, you should be able to find the details and status of your purchase. If you need any further assistance or have any other questions, feel free to let me know. My goal is to ensure you have a seamless experience and find the information you need.",,,,,,,
CS-0168,BILZ,is there a e-mail to send my feedback for your products?,FEEDBACK,review,"Indeed! We greatly appreciate your willingness to share your feedback about our products through email. Your insights play a critical role in helping us improve our offerings and provide a better experience for our valued customers. To ensure that your feedback reaches the appropriate team, please send your email to {{Feedback Email Address}}. Rest assured that your feedback will be reviewed with utmost attention and consideration. Thank you again for your valuable input!",,,,,,,
CS-0169,BLM,assistance to get my bills from {{Person Name}},INVOICE,get_invoice,"No problem at all! I completely understand your need for assistance in accessing your bills from {{Client First Name}} {{Client Last Name}}. Just give me a moment to retrieve the bills for you. In the meantime, if you have any other questions or concerns, feel free to let me know. I'm here to help you every step of the way!",,,,,,,
CS-0170,BLZ,I don't know what to do ti see my invoice from {{Person Name}},INVOICE,check_invoice,"I completely understand your confusion about finding the invoice from {{Salutation}} {{Client Last Name}}. Don't worry; I'm here to help guide you through the process. To see your invoice from {{Person Name}}, you can try one of these options: 
1. Check your email for any communication from {{Person Name}} regarding the invoice.
2. Log in to your online account on our website and navigate to the ""Invoice"" or ""Billing"" section to locate the specific invoice related to {{Person Name}}.
3. Reach out to our customer support team via phone or live chat, providing them with the necessary details like your account number, date range, or any other relevant information, so they can assist you in locating the invoice promptly.

If you need further assistance or have any additional questions, please feel free to let me know.",,,,,,,
CS-0171,BILPQZ,could i get in touchwith customer service,CONTACT,contact_customer_service,"I'll do my best! I understand that you would like to get in touch with our customer service team. Rest assured, we're here to assist you. Our dedicated team is available during {{Customer Support Hours}}. You can reach out to them through our toll-free number at {{Customer Support Phone Number}} or via our Live Chat on our website at {{Website URL}}. Feel free to contact us anytime, as we're here to provide you with the support you need. How may I further assist you?",,,,,,,
CS-0172,BCIL,"the payment failed, how to report an error with payment?",PAYMENT,payment_issue,"I'm sorry to hear that your payment failed. Reporting the error is an important step in resolving the issue. To report the error with your payment, I recommend reaching out to our customer support team. They will be able to assist you in understanding the reason for the payment failure and guide you on the necessary steps to resolve it. You can contact our customer support team through our website or by calling our dedicated support hotline. Remember, we are here to help and will work with you to get this issue resolved as quickly as possible.",,,,,,,
CS-0173,BLQZ,i call to write an opinion about an product,FEEDBACK,review,"Definitely! We appreciate your interest in sharing your opinion about our product. Your feedback plays a crucial role in helping us improve and provide better experiences for our customers. To ensure that your opinion is heard, I recommend visiting our website where you can find a dedicated section to submit your product review. We have designed the process to be user-friendly and straightforward so that you can easily share your thoughts. Thank you for taking the time to provide your valuable opinion!",,,,,,,
CS-0174,BLQ,i have to check the cancellation penalty,CANCEL,check_cancellation_fee,"To check the cancellation penalty, you can refer to the ""Cancellation Policy"" section on our website. It will provide you with all the details regarding the applicable fees and charges for canceling your service. If you have any specific questions or need further assistance, please don't hesitate to reach out to our customer support team.",,,,,,,
CS-0175,BL,help to make a customer complaint,FEEDBACK,complaint,"I've picked up that you need assistance in making a customer complaint. Rest assured, I'm here to guide you through the process and address your concerns. To start, could you please provide me with the details of your complaint? This will help me better understand the situation and ensure that your voice is heard by the appropriate team. Remember, your feedback is crucial in helping us improve our products and services. How can I assist you further in filing your complaint?",,,,,,,
CS-0176,BILM,where can I report issues with sign-up?,ACCOUNT,registration_problems,"We appreciate you bringing up the issues you encountered during the sign-up process. Your feedback is essential for us to continuously improve our services. To report the sign-up issues, you can reach out to our customer support team. They are available {{Customer Support Hours}} at {{Customer Support Phone Number}} or through the Live Chat on our website at {{Website URL}}. Our dedicated team will be more than happy to assist you in resolving the sign-up problems and ensuring a smooth experience for you. Thank you for your patience and understanding as we work to address this matter promptly.",,,,,,,
CS-0177,BLMQ,help to check what methods for delivery i have,DELIVERY,delivery_options,"Ah, your curiosity leads you to unveil the wonders of our delivery methods. Let me assist you on this enlightening journey:

To check the available methods for delivery, simply visit our website and navigate to the shipping options section. There, you will find a comprehensive list of our delivery methods, each crafted to cater to your unique needs and preferences.

In case you need any further guidance or have any specific requirements, please feel free to ask. I am here to ensure that your journey with us is as seamless and delightful as can be.",,,,,,,
CS-0178,BL,I want assistance updating my delivery address,SHIPPING,change_shipping_address,We are here to help you update your delivery address. Please provide us with your current address and the new address you would like to update it to. Our customer service team will assist you in making the necessary changes.,,,,,,,
CS-0179,BZ,I expect an refund of {{Refund Amount}} dollars,REFUND,track_refund,"I understand the importance of your expected refund of {{Currency Symbol}}{{Refund Amount}}. It's always frustrating when you're anticipating a reimbursement and haven't received it yet. Let me assure you that I'll look into the current status of your refund and provide you with an update shortly. In the meantime, I appreciate your patience as we work to resolve this for you.",,,,,,,
CS-0180,BCLM,"I need to see what delivery methods you offer, help me",DELIVERY,delivery_options,"I'll do my best! I'm here to provide you with detailed information about our exceptional range of delivery methods. Let's explore your options together!

1. Standard Shipping: This is our most common shipping method and typically arrives within {{Date Range}} business days. It's the ideal choice if you're not in a rush.

2. Expedited Shipping: If you require faster delivery, our expedited shipping option ensures your items reach you within {{Date Range}} business days. Perfect for time-sensitive orders!

3. Overnight Shipping: For the utmost urgency, our overnight shipping guarantees next-day delivery, ensuring that you receive your items as quickly as possible.

4. In-Store Pickup: If you prefer a more convenient option, you can choose in-store pickup. Simply select this option during checkout, and your items will be ready for you to collect from our {{Store Location}}.

Remember that specific delivery times may vary based on factors such as location and item availability. If you have any specific requirements or questions about these options, please feel free to let me know. I'm here to help make your delivery experience seamless and enjoyable!",,,,,,,
CS-0181,BLQZ,wanna nusubscribe from the company newsletter,SUBSCRIPTION,newsletter_subscription,"I've become conscious that you're looking to unsubscribe from our company newsletter. We greatly appreciate your past engagement and apologize for any inconvenience caused. To assist you with this, please provide me with the email address you used to subscribe to our newsletter, and I'll promptly handle the process for you. Rest assured that your privacy and preferences are of utmost importance to us, and we'll ensure your unsubscribe request is executed promptly and accurately. If there's any feedback or specific reason behind your decision to unsubscribe, we'd be more than happy to hear it as it helps us improve our newsletter offerings.",,,,,,,
CS-0182,BELN,I cannot afford purchase {{Order Number}},ORDER,cancel_order,"I understand the financial constraints you are facing and the need to cancel purchase {{Order Number}}. Our goal is to assist you in the best way possible. To proceed with the cancellation, please follow these steps:

1. Sign in to Your Account: Access our {{Online Company Portal Info}} by signing in with your credentials.

2. Navigate to Your Orders: Once you are signed in, locate the '{{Online Order Interaction}}' or '{{Online Order Interaction}}' section.

3. Find the Relevant Purchase: Look for the purchase associated with the order number {{Order Number}} and click on it for more details.

4. Initiate Cancellation: You will see an option labeled '{{Online Order Interaction}}.' Please select this option to begin the cancellation process.

5. Complete the Cancellation: Follow any further instructions or prompts to complete the cancellation successfully.

If you encounter any issues or have any questions during the process, please don't hesitate to contact our dedicated customer support team during {{Customer Support Hours}}. You can reach us at {{Customer Support Phone Number}} or use the Live Chat feature on our website at {{Website URL}}. We are committed to your satisfaction and will do our best to assist you.",,,,,,,
CS-0183,BNQ,i cant switch to the premium account,ACCOUNT,switch_account,"I'm sorry to hear that you're having trouble switching to the premium account. Let's work together to resolve this issue and get you upgraded to the premium experience you deserve.

1. Troubleshoot: First, let's try to identify the specific issue you're facing. Are you receiving any error messages or encountering any difficulties during the switching process?
2. Account Verification: Let's ensure that your account is eligible for a premium upgrade. Please provide me with your account details or any relevant information that can help me assist you better.
3. Technical Support: If the issue persists, I recommend reaching out to our dedicated technical support team. They have the expertise to troubleshoot any technical glitches preventing the switch to the premium account.
4. Personalized Assistance: Our support team is available around the clock to provide personalized guidance and address any concerns you may have. They can guide you step-by-step through the process and ensure a smooth transition to the premium account.

Rest assured, we're committed to resolving this issue promptly and ensuring your satisfaction as a premium account holder. Thank you for your patience, and I apologize for any inconvenience caused.",,,,,,,
CS-0184,BIL,can I change to the {{Account Category}} account?,ACCOUNT,switch_account,"For sure! I appreciate your aspiration to upgrade to our esteemed {{Account Category}} account. Allow me to guide you through the process:

1. Sign In: Begin by logging into your account, ensuring you have the necessary credentials at hand.
2. Account Settings: Navigate to the ""{{Settings}}"" section. Look for a tab that refers to upgrading or changing your account type.
3. {{Account Category}} Selection: Locate the option that specifies the ""{{Account Type}}"" or ""{{Upgrade Account}}"" feature.
4. Informed Decision: Once you've found the desired option, select it. Take a moment to review the benefits and privileges that accompany the {{Account Category}} account.
5. Confirmation and Finalization: Follow the prompted steps, provide any necessary information, and confirm your choice to switch to the {{Account Category}} account.

Should you encounter any hurdles along the way or have any further inquiries, please feel free to reach out. I'm here to ensure a seamless transition and enhance your experience with us. Get ready to unlock a world of exclusive perks and benefits with your newfound {{Account Category}} account status!",,,,,,,
CS-0185,BIL,where to see what hours I can contact customer support?,CONTACT,contact_customer_service,"For sure! I'm here to guide you. To check the operating hours for our customer support, you can visit our website at {{Website URL}}. On our website, you will find a dedicated section that provides all the necessary contact information, including the hours of operation. Feel free to explore our website, and if you have any further questions or concerns, I'm just a message away.",,,,,,,
CS-0186,BL,there is an issue submitting the new delivery address,SHIPPING,set_up_shipping_address,"I can relate to the understanding that you're encountering difficulties in submitting your new delivery address, and I'm here to assist you. To address this issue, I would recommend the following steps:

1. Double-check all the fields and ensure that you have provided the correct information for your new delivery address.
2. Make sure that there are no errors or typos in the address details, such as misspelled street names, incorrect zip codes, or missing apartment numbers.
3. Clear your browser cache and cookies and try submitting the address again. Sometimes, technical issues can interfere with the submission process.
4. If the issue persists, try using a different web browser or device to submit the new delivery address. This can help identify if the problem is specific to your current browser or device.
5. If none of the above steps work, please reach out to our customer support team at {{Customer Support Phone Number}} or through the Live Chat on our website at {{Website URL}}. They will be able to provide you with further assistance and troubleshoot the issue on a more individual basis.

I apologize for any inconvenience caused, and I assure you that we are committed to resolving this issue for you as quickly and efficiently as possible.",,,,,,,
CS-0187,BIL,do you have an address to send a review?,FEEDBACK,review,"I'm happy to help! We deeply appreciate your willingness to share your review. You can send your review to our designated email address at [email protected] Alternatively, you can also leave your review on our website by visiting the ""Reviews"" section. We value every word you write and look forward to hearing about your experience. If you need any assistance or have any further questions, please don't hesitate to let me know.",,,,,,,
CS-0188,BILMQ,what do i need to do to get my invoices from {{Person Name}},INVOICE,get_invoice,"I see your request to access invoices from {{Person Name}}. To get your invoices, you can follow these steps:
1. Log in to your account on our website.
2. Navigate to the ""Invoices"" section.
3. Select the option to filter invoices by customer.
4. Enter the name ""{{Person Name}}"" in the search bar or filter options.
5. Click on the search or filter button.
6. You should now see all the invoices associated with {{Person Name}}.
If you encounter any difficulties or have further questions, please don't hesitate to let me know. I'm here to assist you every step of the way.",,,,,,,
CS-0189,BCIL,"I have to speak with customer support, how can I do it?",CONTACT,contact_customer_service,"We're listening! I'm keyed into the fact that you need to speak with our customer support team. To connect with them, you can reach out through our {{Customer Support Phone Number}} or access the Live Chat on our website at {{Website URL}}. Our team is available during {{Customer Support Hours}} to assist you with any questions or concerns you may have. Feel free to let me know if there's anything else I can assist you with.",,,,,,,
CS-0190,BLZ,I am tring to see the early exit penalty,CANCEL,check_cancellation_fee,"Certainly! To view the early exit penalty, you can refer to the terms and conditions section of your account agreement. It will provide you with detailed information regarding any fees or penalties associated with canceling your account before the agreed-upon term. If you need further assistance, please don't hesitate to let me know.",,,,,,,
CS-0191,BLQ,i want assistance to list the payment methods,PAYMENT,check_payment_methods,"Sure! I'm here to provide you with the necessary guidance to list our available payment methods. To view our comprehensive list of payment options, you can navigate to the ""Payment Methods"" section on our website or app. This section will display all the payment methods that we accept, including credit/debit cards, PayPal, bank transfers, Apple Pay, and Google Wallet. If you have any further questions or need assistance with any specific payment method, feel free to let me know. I'm here to help!",,,,,,,
CS-0192,BQZ,I'm calling to check whenb will my item arrive,DELIVERY,delivery_period,"We appreciate your phone call and your concern about the arrival of your item. To provide you with an accurate update, could you please provide us with the {{Order Number}} or {{Tracking Number}}? With that information, we will be able to check the status of your item and give you an estimated delivery date. Thank you for reaching out to us, and we will do our best to assist you!",,,,,,,
CS-0193,BLMQ,need assistance to notify of errors with a registration,ACCOUNT,registration_problems,"Thank you for getting in touch to us for assistance with notifying errors during the registration process. We understand the importance of providing accurate information and resolving any issues promptly. If you could kindly provide more details about the errors you encountered, such as error messages or any specific steps you followed, we will investigate the matter thoroughly and work towards resolving it for you. Your proactive approach in reporting these errors helps us identify areas for improvement and ensures a smoother registration experience for all our users.",,,,,,,
CS-0194,BLM,assistance to notify of issues with online payments,PAYMENT,payment_issue,"No worries at all! I'm here to provide you with the necessary assistance in notifying us about any issues you're facing with your online payments. It's great that you reached out to us because that shows your commitment to resolving these problems. To get started, could you please provide more specific details about the issues you're encountering? This will help us better understand the situation and find the most appropriate solutions for you. Your feedback is extremely valuable in improving our services and ensuring a seamless payment experience for all our customers. Thank you for bringing this to our attention, and let's work together to resolve these issues as quickly as possible.",,,,,,,
CS-0195,BL,assistance informing of an error with a signup,ACCOUNT,registration_problems,"We appreciate your efforts in seeking assistance to inform us about the error you encountered during the signup process. Your commitment to letting us know about the issue you faced is commendable, and we assure you that we are here to help. To provide you with the best possible assistance, could you kindly provide some more details about the specific error or issue you encountered? This will enable us to investigate and resolve the problem more effectively. Thank you for your cooperation, and we look forward to assisting you further.",,,,,,,
CS-0196,BLZ,cancel purchase  {{Order Number}},ORDER,cancel_order,"I've realized that you would like to cancel your purchase with the order number {{Order Number}}. Our team is here to assist you with this process. To cancel your purchase, please follow these steps:

1. Sign in to your {{Online Company Portal Info}} using your registered credentials.
2. Navigate to the '{{Online Order Interaction}}' or '{{Online Order Interaction}}' section.
3. Look for the purchase with the order number {{Order Number}}.
4. Click on the purchase to access the details.
5. Locate the '{{Online Order Interaction}}' option associated with the purchase.
6. Select the option to initiate the cancelation process.
7. Complete any additional steps or provide feedback as required by the system.

If you encounter any difficulties or have further questions, our dedicated support team is available during {{Customer Support Hours}}. You can reach us at {{Customer Support Phone Number}} or through the Live Chat feature on our {{Website URL}}.

We appreciate your understanding, and we're here to provide assistance every step of the way.",,,,,,,
CS-0197,BLQ,I'm waiting for a restitution of {{Refund Amount}} dollars,REFUND,track_refund,"Thank you for bringing up your expectation for a restitution of {{Currency Symbol}}{{Refund Amount}}. We understand how crucial it is for you to receive the reimbursement promptly. Let me quickly check the current status of your refund. While I gather the necessary information, may I ask if you have received any communication regarding the reimbursement? Your insights and patience are highly valued, and rest assured, we are committed to ensuring your satisfaction and trust throughout this process.",,,,,,,
CS-0198,BIZ,how to use tye {{Account Type}} account?,ACCOUNT,switch_account,"Positively! I'm excited to provide you with a comprehensive guide on how to make the most of our {{Account Type}} account and its remarkable features:

1. Registration: If you haven't created an account yet, start by signing up on our platform. It's a quick and simple process!
2. Account Access: After successfully registering, log in to your account.
3. Explore the Dashboard: Once inside, familiarize yourself with the account dashboard. Here you'll find an overview of your account details and options.
4. Account Settings: Navigate to the '{{Settings}}' section. This area provides various customizable options for your account.
5. Profile Management: Within the account settings, visit the '{{Profile}}' section. Here you can update your personal information, including profile picture, bio, and contact details.
6. Preferences: Don't forget to set up your account preferences. These can include email notifications, privacy settings, and language preferences.
7. Product/Service Access: Take advantage of any {{Account Type}} products or services offered in-app or on our website. These offerings may differ depending on your region or account type.
8. Help and Support: If you have any questions or encounter difficulties, don't hesitate to reach out to our {{Customer Support Team}}. They're available 24/7 and happy to assist.

Remember, the {{Account Type}} account is designed to provide you with a great user experience, and we're constantly adding exciting updates and features. Enjoy exploring and making the most of your {{Account Type}} account!",,,,,,,
CS-0199,BLQZ,i want information about correcting the shiping address,SHIPPING,change_shipping_address,"Sure! If you need to correct your shipping address, you can easily do so by logging into your account and navigating to the ""Shipping Address"" section. From there, you will be able to edit your existing address and save the updated information. If you encounter any issues or need further assistance, feel free to contact our customer support team, and we'll be happy to help you with the process.",,,,,,,
CS-0200,BLMZ,I need help acquiringv several of your item,ORDER,place_order,Thank you for expressing your desire to acquire several of our items! I'm thrilled to provide you with the assistance you need to make your purchase. Could you please provide me with more details about the specific items you are interested in? This will help me ensure that your shopping experience is smooth and enjoyable. Let's work together to find the perfect items for you!,,,,,,,
CS-0201,BILQZ,were can i cancel purchase {{Order Number}},ORDER,cancel_order,"I realized, you're looking for the information on where to cancel purchase {{Order Number}}. Allow me to guide you through the process:

1. Sign into Your Account: Access our platform by signing in to your {{Online Company Portal Info}}.
2. Navigate to Your Orders: Once logged in, head over to the '{{Online Order Interaction}}' or '{{Online Order Interaction}}' section.
3. Find Your Order: Look for the purchase with the order number {{Order Number}}.
4. Initiate Cancellation: You should see an option labeled '{{Online Order Interaction}}' associated with your purchase. Click on it.
5. Complete Any Further Steps: If prompted, answer any questions or provide the necessary feedback to facilitate the cancellation process.

If you encounter any difficulties or have further questions, our dedicated team is available during {{Customer Support Hours}} at {{Customer Support Phone Number}} or via Live Chat on our {{Website URL}}. Rest assured, we're here to assist you in every step towards your satisfaction.",,,,,,,
CS-0202,BLQ,want assistance opening a platinum account for my dad,ACCOUNT,create_account,"That's wonderful to hear that you would like to assist your dad in opening a {{Account Category}} account! Your support is truly commendable, and I am here to guide you through the process. To get started, could you please provide your dad's full name, email address, and a preferred username? Once I have these details, I will ensure a smooth and personalized experience for your dad, ensuring that he has access to all the exclusive benefits and features of our {{Account Category}} account. Rest assured that his security and privacy are of the utmost importance to us, and we will handle his personal information with the utmost care.",,,,,,,
CS-0203,BCIL,"I want to modify the address, how can I do it?",SHIPPING,change_shipping_address,"Sure! To modify your address, you can go to your account settings and select the option to edit your shipping address. Alternatively, you can contact our customer support team and provide them with the updated address details. We'll be happy to assist you with the process.",,,,,,,
CS-0204,BCEL,"I cannot make a payment, I want help to report a problem",PAYMENT,payment_issue,"I'm sorry to hear that you're unable to make a payment and need assistance in reporting the problem. I'm here to assist you every step of the way. Could you please provide more details about the specific issue you're facing? By sharing this information, we can ensure that the appropriate action is taken to resolve the problem promptly. Thank you for reaching out to us, and we appreciate your cooperation in helping us improve our services.",,,,,,,
CS-0205,BLZ,changing data on standard  account,ACCOUNT,edit_account,"How wonderful it is to witness your commitment to personalizing your standard account by changing your data! Your dedication to tailoring your account to your specific needs and preferences is truly inspiring. To assist you with this, I recommend accessing your account settings through our website or mobile app, where you can easily navigate to the data modification section. If you encounter any difficulties along the way, our dedicated customer support team is always available to guide you. I'm confident that with your determination and our assistance, your standard account will be perfectly customized to your liking. Let's embark on this journey together!",,,,,,,
CS-0206,BMQ,i dont know what i have to do to report issues with payments,PAYMENT,payment_issue,"No problem at all! I'll be more than happy to guide you on how to report any issues with your payments. To begin the process, it's best to reach out to our dedicated customer support team. They are available round-the-clock at {{Customer Support Phone Number}} or through the Live Chat on our website at {{Website URL}}. By contacting them, you can provide them with the necessary details about the issue you encountered, such as the error message received, the payment method used, and any other relevant information. Our team will promptly escalate your concern to the appropriate department for resolution. Rest assured, we're committed to swiftly addressing any payment issues you may have and ensuring a seamless experience for you. Thank you for bringing this to our attention and giving us the opportunity to assist you.",,,,,,,
CS-0207,BL,assistance to see order {{Order Number}} current status,ORDER,track_order,"Honored to assist! I'm clued in that you need assistance in checking the current status of your order with the order number {{Order Number}}. To view the status of your order, you can visit our website and navigate to the '{{Online Order Interaction}}' section. There, you'll be able to see the most up-to-date information about your purchase. If you have any other questions or need further guidance, feel free to ask. I'm here to help you every step of the way!",,,,,,,
CS-0208,BIS,is it possible to place an order from {{Delivery City}}?,DELIVERY,delivery_options,"I'll get right on it! We are delighted to inform you that you can indeed place an order from our online store if you're located in {{Delivery City}}. Our delivery options cater to customers from various locations, including {{Delivery City}}. So go ahead and explore our wide range of products, add them to your cart, and enjoy the convenience of having them delivered right to your doorstep in {{Delivery City}}. If you have any further questions or need assistance with your order, feel free to reach out. We're here to ensure your shopping experience is smooth and enjoyable!",,,,,,,
CS-0209,BILW,can you tell me your damn payment methods?,PAYMENT,check_payment_methods,"I hear you! I'm following you that you would like information on our accepted payment methods. Here's a detailed list of the payment options we offer:

- **Credit/Debit Card:** We accept major card brands like Visa, Mastercard, and American Express.
- **PayPal:** A popular and secure online payment method.
- **Bank Transfer:** Make direct payments from your bank account.
- **Apple Pay:** An easy and convenient payment method for Apple users.
- **Google Wallet:** Google's payment system for quick and hassle-free checkouts.

I apologize if there was any inconvenience caused by your previous frustrations. I assure you that we are here to support you every step of the way. If you have any further questions or require more assistance, please feel free to let me know.",,,,,,,
CS-0210,BISZ,can I place an ordewr from {{Delivery Country}}?,DELIVERY,delivery_options,"By all means! We welcome orders from our friends in {{Delivery Country}} with open arms. Our delivery services extend to Canadian locations, ensuring that you can conveniently place your order from the comfort of your home. Whether it's the bustling streets of Montreal, the breathtaking natural beauty of Vancouver, or anywhere else in this magnificent country, we've got you covered. So go ahead, start adding items to your cart, and experience the joy of seamless international shopping. If you have any specific queries or if there's anything else I can assist you with, please feel free to let me know. Together, let's make your shopping journey an exceptional one!",,,,,,,
CS-0211,BCLW,"I don't need my damn standard account, I have to remove it",ACCOUNT,delete_account,"We're here for you to us regarding your standard account removal. I'm sorry to hear that you no longer need it, and I understand that this is an important matter for you. To assist you with the removal process, could you please provide me with the account details, such as the account number or username associated with it? This information will help us locate your account promptly and proceed with the removal procedure. Rest assured that we will prioritize your request and ensure that your standard account is successfully removed.",,,,,,,
CS-0212,BL,I am waiting for a restitution of {{Currency Symbol}}{{Refund Amount}},REFUND,track_refund,"I'm clearly cognizant how important it is for you to receive the restitution of {{Currency Symbol}}{{Refund Amount}}. Rest assured, we are dedicated to resolving this matter as quickly and efficiently as possible. Allow me a moment to check the status of your refund and provide you with an update. Your patience is greatly appreciated during this process.",,,,,,,
CS-0213,BL,I want help to cancel purchase {{Order Number}},ORDER,cancel_order,"I'm with you that you are seeking assistance with canceling your purchase with the order number {{Order Number}}. Our team is here to help guide you through the process and ensure a seamless experience. Here's what you need to do:

1. Log into Your Account: Start by signing into your {{Online Company Portal Info}}.
2. Access Your Order History: Once logged in, navigate to the '{{Online Order Interaction}}' or '{{Online Order Interaction}}' section.
3. Locate the Purchase: Look for the specific purchase associated with the order number {{Order Number}}. Click on it to view the details.
4. Initiate the Cancellation: You should see an option labeled '{{Online Order Interaction}}' associated with your purchase. Please select this to proceed with the cancellation.
5. Confirm the Cancellation: Our system may ask you to confirm the cancellation or gather some feedback. Kindly complete any necessary steps.

If you encounter any difficulties or have further questions throughout the process, our dedicated team is available to assist you. You can reach us during {{Customer Support Hours}} at {{Customer Support Phone Number}} or engage in a live chat on our website at {{Website URL}}. Your satisfaction is our priority, and we appreciate your trust in our services.",,,,,,,
CS-0214,BLQ,need assistance to check ur reimbursement policy,REFUND,check_refund_policy,"Thank you for reaching out. I understand that you need assistance in checking our reimbursement policy. It's great that you're taking the time to familiarize yourself with it. Our reimbursement policy ensures that you have a clear understanding of when and how you can request a refund. This helps us maintain transparency and ensure that you have a positive experience with our products or services.

To access our reimbursement policy, please visit our website and go to the ""Terms and Conditions"" or ""Refund Policy"" section. There, you'll find detailed information about the situations in which you can request a refund, the process to follow, and any specific conditions that may apply.

If you have any specific questions or concerns about our reimbursement policy or need further assistance, please don't hesitate to let me know. I'm here to help clarify any doubts you may have.

Is there anything else I can assist you with today?",,,,,,,
CS-0215,BL,I need assistance to set the delivery address up,SHIPPING,set_up_shipping_address,"Definitely! I'm here to guide you through the process of setting up your delivery address. Here are the steps to follow:

1. Log in to your account on our website or app.
2. Navigate to your account settings or profile section.
3. Look for the ""Shipping Addresses"" or similar option.
4. Click on it to add a new address or edit existing addresses.
5. Fill in the required fields with the details of your delivery address, including the street name, city, state, and postal code.
6. Double-check the information to ensure accuracy.
7. Save the changes.

If you encounter any issues or have questions along the way, don't hesitate to reach out for further assistance. Your satisfaction is our top priority, and we're here to help you every step of the way!",,,,,,,
CS-0216,BL,see your payment modalities,PAYMENT,check_payment_methods,"Indeed! I'm here to provide you with all the details about our available payment methods. We offer a range of convenient options that cater to our diverse customer base. Here are the payment modalities we currently accept:

- **Credit/Debit Card:** You can securely make payments using major cards like Visa, Mastercard, and American Express.
- **PayPal:** A trusted and widely used online payment platform that ensures a secure transaction.
- **Bank Transfer:** This method allows you to directly transfer funds from your bank account.
- **Apple Pay:** For Apple users, this feature offers a seamless and quick payment experience.
- **Google Wallet:** Google's payment system provides a fast and convenient way to complete your purchases.

Feel free to choose the payment method that suits you best. If you have any further questions or need assistance with any particular payment method, please don't hesitate to let me know. I'm here to make sure you have a smooth payment experience!",,,,,,,
CS-0217,BL,help seeing the withdrawal fee,CANCEL,check_cancellation_fee,"Absolutely! I can assist you in locating the withdrawal fee. To find this information, please log in to your account on our website and navigate to the ""Fees and Charges"" section. There you will find detailed information about the withdrawal fee and any applicable charges. If you have any further questions, feel free to ask!",,,,,,,
CS-0218,BK,checking status of order {{Order Number}},ORDER,track_order,"Your input is valuable! I'm picking up that you would like to check the status of your order with order number {{Order Number}}. To provide you with accurate and up-to-date information, I recommend visiting the '{{Order Status}}' section on our website. There, you will be able to track the progress of your order and see its current status. If you have any other questions or need further assistance, please feel free to ask. I'm here to help!",,,,,,,
CS-0219,BLQ,need assistance seeing how soon can i expect my article,DELIVERY,delivery_period,"We understand that you're eagerly looking forward to receiving your article. To help you determine the estimated delivery time, could you please provide me with the {{Order Number}} or {{Tracking Number}}? I'll be able to check the status of your order and give you an accurate update on when you can expect it to arrive. Your patience is greatly appreciated, and we'll do our best to provide you with the information you need.",,,,,,,
CS-0220,BL,checking early exit fee,CANCEL,check_cancellation_fee,"I'll do my best! I can help you with checking the early exit fee. To provide you with accurate information, could you please provide me with your account details or contact our customer service team? They will be able to assist you further.",,,,,,,
CS-0221,BKLZ,new {{Account Category}} acount,ACCOUNT,create_account,"Thanks for choosing to create a {{Account Category}} account with us! I'm here to guide you through the process and make it as smooth as possible. To get started, could you please provide your full name, email address, and a preferred username? Once I have these details, we can proceed with setting up your {{Account Category}} account. Rest assured that your information will be treated with the utmost care and kept confidential throughout the process. Let me know if you have any questions or if there's anything else I can assist you with.",,,,,,,
CS-0222,BL,help changing to the {{Account Category}} account,ACCOUNT,switch_account,"Positively! I understand your need for assistance in changing to the {{Account Category}} account. Allow me to guide you through the process:

1. Log In: Begin by signing in to your account on our platform.
2. Account Settings: Once you're logged in, navigate to the '{{Settings}}' or '{{Profile}}' section.
3. Upgrade Option: Within these sections, look for the option labeled '{{Upgrade Account}}' or '{{Account Change}}'.
4. Choose {{Account Category}}: Select the '{{Account Type}}' option from the available choices.
5. Finalize the Change: Follow the prompts and confirm the change to the {{Account Category}} account.

Should you encounter any challenges along the way or have any additional questions, please don't hesitate to reach out. Your decision to upgrade to the {{Account Category}} account is important to us, and we're here to ensure a smooth transition. Enjoy the exclusive perks and benefits that come with your new {{Account Category}} account!""",,,,,,,
CS-0223,BLQ,i dont know what i have to do to buy an article,ORDER,place_order,"Thank you for reaching out! I completely understand that you're unsure about the steps to take in order to purchase an article. Don't worry, I'm here to guide you through the process. To start, you'll need to browse our website or visit our store to find the article you're interested in. Once you've chosen the article, you can add it to your cart or proceed to checkout. During checkout, you'll need to provide your shipping information and select a payment method. If you have any questions or encounter any difficulties along the way, feel free to ask for assistance. I'm here to ensure that your buying experience is smooth and enjoyable. Let me know if there's anything specific you'd like further guidance on, and I'll be happy to help!",,,,,,,
CS-0224,BLQ,need help to see how long it takes for my parcel to arrive,DELIVERY,delivery_period,"We understand your anticipation in wanting to determine the estimated arrival time of your parcel. To provide you with accurate information, could you please provide us with the {{Tracking Number}} or {{Order Number}}? Once we have these details, we can promptly assist you in tracking the progress and estimated delivery date of your parcel. Your patience is greatly appreciated!",,,,,,,
CS-0225,BLW,I have got to delete a damn product from purchase {{Order Number}},ORDER,change_order,"I fathom that you need assistance in deleting a specific product from purchase number {{Order Number}}. I apologize for any inconvenience caused and assure you that I'm here to help you resolve this issue. To proceed with the deletion, could you please provide me with the details of the product you wish to remove? This will allow us to take the necessary steps and ensure your purchase is exactly as you desire. Thank you for your cooperation in helping us improve our services.",,,,,,,
CS-0226,BL,I need to submit my delivery address,SHIPPING,set_up_shipping_address,"I've been informed that you need to submit your delivery address. This is an important step to ensure that your order is sent to the correct location. To submit your delivery address, please follow these steps:

1. Log in to your account.
2. Navigate to the 'My Account' or 'Profile' section.
3. Look for the 'Shipping Addresses' or similar section.
4. There should be an option to 'Add a New Address' or 'Edit Shipping Addresses'. Select it.
5. Enter the details of your delivery address in the provided fields.
6. Make sure to double-check the accuracy of the information.
7. Save the changes.

If you encounter any difficulties while submitting your delivery address or if you have any further questions, please don't hesitate to reach out. We're here to assist you every step of the way.",,,,,,,
CS-0227,BLQ,want help to speak to someone,CONTACT,contact_human_agent,"We appreciate your message! It's clear to me that you want help to speak to someone. I'm here to assist you with that. To connect you with a human representative who can address your concerns, could you please provide me with more details about the specific topic or query you need assistance with? This will allow us to route your call to the most suitable expert. Don't worry, I'm here with you every step of the way!",,,,,,,
CS-0228,BILP,could you help me file a customer reclamation?,FEEDBACK,complaint,"I'm truly sorry to hear that you need to file a customer reclamation. We take complaints seriously, and I'm here to assist you every step of the way. Can you please provide me with the details of your concern? This will help me ensure that your reclamation is properly documented and addressed by the appropriate team. Your feedback is essential in our continuous improvement efforts, and I'm committed to ensuring a satisfactory resolution. Let's work together to resolve your issue.",,,,,,,
CS-0229,BCEL,"the payment did not go through, report an error",PAYMENT,payment_issue,"I'm here to provide you with the necessary assistance to report the error you encountered when your payment did not go through. Your feedback is essential in improving our payment system and ensuring a smooth experience for all our customers. To help us assist you better, could you kindly share specific details about the error message or any error codes you received? This will enable us to identify the issue more accurately and work towards a swift resolution. Thank you for bringing this to our attention, and we appreciate your patience as we investigate and rectify the problem.",,,,,,,
CS-0230,BL,I want assistance doing a purchase,ORDER,place_order,"Thank you for reaching out! I'm here to provide you with the assistance you need to make a purchase. It's great to see your desire to acquire our products, and I assure you that I'll do everything possible to make this process smooth and enjoyable for you. Could you please provide me with more details about the items you wish to purchase? This way, I can guide you through the steps required to complete your order successfully.",,,,,,,
CS-0231,BLM,I want help to see the early exit fees,CANCEL,check_cancellation_fee,"Sure! I'd be happy to assist you in checking the early exit fees. To access this information, please log in to your account on our website and navigate to the ""Billing"" or ""Account Details"" section. From there, you should be able to find the details regarding the early exit fees. Let me know if you have any further questions or need any additional assistance.",,,,,,,
CS-0232,BCELMNQ,i cannot sign up i need to report sign-up problems,ACCOUNT,registration_problems,"We're sorry to hear that you're facing difficulties with signing up. Your feedback is important to us, and we appreciate you bringing this issue to our attention. To report sign-up problems, please provide us with more details about the specific challenges you're encountering. This will help us investigate and find a solution for you as quickly as possible. Thank you for your patience, and we'll do our best to assist you in resolving this matter.",,,,,,,
CS-0233,BLQ,I'm waiting for a restitution of {{Refund Amount}} dollars,REFUND,track_refund,"I understand your eagerness to receive the restitution of {{Currency Symbol}}{{Refund Amount}}. Rest assured, I'm here to help you track the progress of your refund. Let me quickly look into the current status and provide you with the most accurate and up-to-date information. While I gather the details, please feel free to let me know if you have any other questions or concerns. Your satisfaction is our top priority, and we're committed to resolving this matter for you as efficiently as possible.",,,,,,,
CS-0234,BL,there is a trouble setting another delivery address up,SHIPPING,set_up_shipping_address,"I'm sorry to hear that you're experiencing trouble setting up another delivery address. I understand the importance of having a smooth and seamless process for entering your address details. To better assist you, could you please provide more specific information about the issues you are facing? Are you encountering any error messages or is the system not accepting the address you're inputting? By understanding the exact nature of the problem, I'll be able to provide you with the most accurate guidance and help you resolve the issue effectively.",,,,,,,
CS-0235,BL,I can't receive the company newsletter,SUBSCRIPTION,newsletter_subscription,"I apologize for the inconvenience caused by not receiving our company newsletter. I understand how important it is for you to stay up-to-date with our latest news and updates. Let's find a solution together. Could you please provide me with your email address? This will allow me to check our system and ensure that you are on the mailing list. Additionally, please double-check your spam or junk folder to see if any of our newsletters have accidentally landed there. We want to make sure you don't miss out on any valuable information.",,,,,,,
CS-0236,BLZ,update purchase00123842,ORDER,change_order,"Thank you for getting in touch to us regarding your purchase with the code {{Order Number}} and your request to update it. We value your satisfaction and would be happy to assist you with any changes you'd like to make. To better understand your needs, could you please provide more details about what specific updates or modifications you would like to make to your purchase? Your feedback is vital to ensuring that we meet your expectations and make the necessary adjustments.",,,,,,,
CS-0237,BL,I need assistance to take a quick look at bill #85632,INVOICE,check_invoice,"I've understood you're looking for quick assistance to review your bill with the number #{{Invoice Number}}. No worries, I'm here to assist you in locating and providing the necessary details. Before we proceed, could you please confirm if you have access to your account or any information related to the bill, such as the date or amount? This additional information will enable me to provide more accurate and efficient support.",,,,,,,
CS-0238,BEL,I do not know how to get in touch with customer assistance,CONTACT,contact_customer_service,"Happy to hear from you! I truly understand that you are unsure about how to contact our customer assistance team. We have various channels available to assist you, such as phone support, live chat, and email. To contact our customer assistance team, you can dial our toll-free number {{Customer Support Phone Number}}, visit our website at {{Website URL}} to access the live chat feature, or send an email to {{Customer Support Email}}. Our friendly team will be more than happy to provide the assistance you need. Please don't hesitate to reach out if you have any more questions or concerns.",,,,,,,
CS-0239,BILP,could you help me setting up my new delivery address?,SHIPPING,set_up_shipping_address,"I'm with you, the importance of setting up a new delivery address that meets your needs. Let's tackle this together! Here's a step-by-step guide to assist you in setting up your new delivery address:

1. Begin by logging in to your account.
2. Look for the ""My Account"" or ""Profile"" section.
3. Navigate to the ""Shipping Addresses"" or a similar option.
4. Select the option to ""Add a New Address"" or ""Edit Shipping Addresses"".
5. Fill in the necessary details for your new delivery address.
6. Double-check the accuracy of the information and save the changes.

If you encounter any issues or have specific questions during the process, please don't hesitate to let me know. I'm here to ensure a seamless experience as you set up your new delivery address.",,,,,,,
CS-0240,BLQZ,i have to resdet my user pin code,ACCOUNT,recover_password,"I fathom that you need assistance in resetting your user pin code. Don't worry, I'm here to help you through the process. Let's get started:

1. Find the ""{{User Account Settings}}"" section on our platform. It's usually located in the top-right corner of the page.
2. Once you're in the user account settings, look for the ""{{Security}}"" or ""{{PIN}}"" option.
3. Click on that option to access the pin code settings.
4. You should see an option to ""{{Reset PIN}}"" or ""{{Forgot PIN}}"". Click on it.
5. Follow the on-screen prompts and provide the necessary information to verify your identity.
6. After verifying your identity, you'll be able to reset your pin code to a new one of your choice.

If you encounter any difficulties during this process or have any other questions, please don't hesitate to reach out. We're here to support you every step of the way.",,,,,,,
CS-0241,B,I want assistance switching to the premium account,ACCOUNT,switch_account,"Assuredly! I'm here to ensure a seamless transition to our premium account:

1. Access Your Account: Start by logging in to our platform.
2. Account Settings: Once logged in, navigate to your account settings or profile section.
3. Upgrade Option: Look for an option that says ""Upgrade"" or ""Switch Account Type"".
4. {{Account Category}} Account Selection: Choose the premium account option from the list.
5. Follow instructions: Follow the on-screen prompts to complete the switching process.

If you encounter any difficulties or have any questions along the way, feel free to reach out. We're here to assist you and ensure you enjoy all the benefits our premium account has to offer.",,,,,,,
CS-0242,BILM,can you help me reporting problems with online payment?,PAYMENT,payment_issue,"Absolutely! I'm here to assist you in reporting any problems you're encountering with online payments. To better understand the nature of the issue, could you kindly provide more details about the specific problem you are facing? This will enable us to gather the necessary information and take appropriate actions to resolve the issue effectively and efficiently. Your feedback is highly valued, as it helps us improve our services and ensure a seamless payment experience for all our customers. Thank you for bringing this to our attention.",,,,,,,
CS-0243,BILQ,how to update the info on my user profile?,ACCOUNT,edit_account,"Your curiosity and eagerness to enhance your user profile's information are truly remarkable!I'm here to assist you in navigating the process of updating your user profile with ease and confidence. 

To update the information on your user profile, you can follow these steps:

1. Log into your account: Visit the {{Online Company Portal Info}} and enter your login credentials to access your user profile.

2. Locate the Profile Settings: Once you're logged in, navigate to the settings or profile section of your account. Look for an option that allows you to edit or modify your user profile information.

3. Update the desired information: Click on the appropriate fields to make changes to your user profile. You can typically update details such as your name, contact information, address, and any other relevant information included in your user profile.

4. Save your changes: After making the necessary updates, remember to save your changes. Look for a ""Save"" or ""Update"" button to ensure that your modifications are applied successfully.

Please keep in mind that the specific steps may vary depending on the platform or website you're using. If you encounter any challenges or require further assistance, our dedicated customer support team is just a click away. They are available {{Customer Support Hours}} at {{Customer Support Phone Number}} or through the Live Chat on our website at {{Website URL}}.

I hope this guidance helps you in updating your user profile information. Please don't hesitate to reach out if you have any further questions or if there's anything else I can assist you with.",,,,,,,
CS-0244,BL,I have got to check the early exit fee,CANCEL,check_cancellation_fee,"Of course! To assist you with checking the early exit fee, please provide me with your account details so that I can provide you with the necessary information.",,,,,,,
CS-0245,BILM,where to earn several of your product?,ORDER,place_order,"Thank you for your interest in earning several of our products! I'm here to assist you in finding the best way to acquire them. To explore your options, I recommend visiting our website where you can browse our wide range of products and place your order conveniently. Alternatively, you can visit one of our physical stores near you and our friendly staff will be more than happy to assist you in your purchase. We want to ensure that your experience is not only rewarding but also brings you joy and satisfaction. Happy shopping!",,,,,,,
CS-0246,BIQSZ,is it possible to ordet from {{Delivery Country}},DELIVERY,delivery_options,"I'm happy to help! We are delighted to inform you that we do offer shipping services to {{Delivery Country}}. Our goal is to make your shopping experience seamless, regardless of your location. You can explore our wide range of products and place your order with ease. Our dedicated team will ensure that your package is delivered safely and efficiently to your preferred address in {{Delivery Country}}. If you have any further questions or need assistance with anything else, feel free to ask. We're here to help!",,,,,,,
CS-0247,BLQ,i want assistance unsubscribing from the newsletter,SUBSCRIPTION,newsletter_subscription,"I've been informed that you would like assistance with unsubscribing from our newsletter. I apologize if the newsletter content no longer meets your interests. To unsubscribe, you can simply click on the ""unsubscribe"" link at the bottom of any newsletter email you receive from us. Alternatively, you can also reach out to our customer support team, and they will be more than happy to assist you in unsubscribing. Our team takes your feedback seriously and wants to ensure your newsletter preferences align with your interests. Is there anything else I can help you with?",,,,,,,
CS-0248,BL,I want help to earn something,ORDER,place_order,Appreciate your message to us for assistance in earning something. I'm here to help you explore the possibilities and find the best way to achieve your goal. Could you please provide more details about what you would like to earn? This will allow me to guide you effectively and provide you with suitable options.,,,,,,,
CS-0249,BEL,I do not know how I can send some feedback for your company,FEEDBACK,review,"Thank you for reaching out! I'd be more than happy to assist you with sending feedback to our company. We value your thoughts and appreciate your willingness to share them with us. To send your feedback, you can visit our website and look for the ""Contact Us"" section. There, you will find various ways to get in touch with us, such as filling out a feedback form or sending us an email. Alternatively, you can also reach out to our customer service team through our helpline, which is available {{Customer Support Hours}} at {{Customer Support Phone Number}}. They will be able to provide you with specific guidance on how to send your feedback. Once again, thank you for taking the time to provide us with your valuable insights.",,,,,,,
CS-0250,BL,I need assistance with canceling purchase {{Order Number}},ORDER,cancel_order,"I'm attuned to the idea that you require assistance with canceling your purchase associated with the order number {{Order Number}}. Rest assured, I am here to guide you through the cancellation process. Here's what you need to do:

1. Log into Your Account: Access our platform by signing in to your {{Online Company Portal Info}}.
2. Navigate to the Order Management Section: Once logged in, locate the section for managing your orders, such as '{{Online Order Interaction}}' or '{{Online Order Interaction}}'.
3. Locate the Specific Purchase: Within the order management section, you should be able to find the purchase linked to the order number {{Order Number}}. Click on it to access the details.
4. Initiate the Cancellation: Look for the option labeled '{{Online Order Interaction}}' associated with your purchase. Please select this to begin the cancellation process.
5. Follow any Additional Steps: Depending on our cancellation policy, there might be additional steps involved, such as providing a reason for cancellation or confirming your decision. Please complete these steps as instructed.
6. Confirmation and Refund: Once the cancellation is successfully processed, you should receive a confirmation message, and any refunds or reimbursements will be initiated according to our refund policy.

If you encounter any obstacles or have further questions during the cancellation process, our dedicated support team is available to assist you. Feel free to contact us during {{Customer Support Hours}} at {{Customer Support Phone Number}} or through the Live Chat feature on our {{Website URL}}. Your satisfaction is our top priority, and we want to ensure that your cancellation experience goes smoothly.",,,,,,,
CS-0251,BIL,can you help me talking with someone?,CONTACT,contact_human_agent,We're here to help! I take note that you are seeking assistance and would like to talk with someone. I'm here to help you with that. Please allow me a moment while I connect you with one of our knowledgeable representatives who will be able to assist you further. Just a little patience and you'll be speaking with someone in no time.,,,,,,,
CS-0252,BLMN,I can't locate my invoices from {{Person Name}},INVOICE,check_invoice,"I'm conscious of the reality that you're having trouble finding your invoices from {{Salutation}} {{Client Last Name}}. Don't worry, I'm here to assist you. To better help you, could you please provide me with more information about the timeframe or any other details regarding the invoices you are trying to locate? This will enable me to narrow down the search and ensure you get the accurate information you need.",,,,,,,
CS-0253,BKL,remove platinum account,ACCOUNT,delete_account,"Appreciate your message to us regarding the removal of your {{Account Category}} account. I understand that you would like to take this action and I'll be happy to assist you. To proceed with the deletion of your {{Account Category}} account, please follow the steps outlined in our account cancellation process. You can find detailed instructions on our website under the account settings section. If you encounter any difficulties or have any questions along the way, please don't hesitate to reach out. Our dedicated customer support team is available to provide you with further guidance and ensure a smooth account closure experience. We appreciate your support and understanding in this matter and we're here to help you every step of the way.",,,,,,,
CS-0254,BCELV,"I have bought some item, I have to cancel order {{Order Number}}",ORDER,cancel_order,"I recognize that you've recently made a purchase and now wish to cancel the order with the order number {{Order Number}}. I apologize for any inconvenience this may have caused. To proceed with the cancellation, please follow these steps:

1. Sign in to Your Account: Access our platform by logging in to your {{Online Company Portal Info}}.
2. Find Your Order History: Once logged in, navigate to the '{{Online Order Interaction}}' or '{{Online Order Interaction}}' section.
3. Locate Your Purchase: Look for the specific purchase associated with the order number {{Order Number}} and click on it.
4. Initiate Cancellation: Within the purchase details, you should find an option labeled '{{Online Order Interaction}}'. Please select this option.
5. Confirm Cancellation: The system may request additional information or confirmation before finalizing the cancellation. Kindly provide any required details or follow the prompts to proceed.

If you encounter any difficulties or need further assistance during the cancellation process, please don't hesitate to reach out to our dedicated support team. They are available during {{Customer Support Hours}} at {{Customer Support Phone Number}} or through the Live Chat feature on our website at {{Website URL}}. Your satisfaction is our priority, and we're here to help you every step of the way.",,,,,,,
CS-0255,BIL,how can I delete the standard account?,ACCOUNT,delete_account,"Thank you for getting in touch to us with your question about deleting the standard account. We understand that you may have specific reasons for wanting to delete your account, and we're here to assist you. To delete your standard account, you can follow these steps:

1. Log in to your account on our website.
2. Navigate to the account settings or profile section.
3. Look for an option or link to delete your account.
4. Click on the delete account option and follow any prompts or instructions provided.

Please note that deleting your standard account will result in the permanent removal of all your account information, including any saved data or preferences. It is essential to understand the consequences before proceeding with the deletion. If you have any further questions or need additional assistance, please don't hesitate to ask. We're here to help you through the process.",,,,,,,
CS-0256,BL,I want help to talk with a human agent,CONTACT,contact_human_agent,"Glad you contacted us! I'm clearly cognizant that you need help in talking with a human agent. Our team is here to assist you in the best possible way. To connect you with one of our dedicated human representatives, please allow me just a moment. While we prepare to transfer you, I would like to know if there is any specific issue or concern you would like to address with the agent. Your insights help us provide more personalized assistance. Feel free to share any additional details. We appreciate your patience.",,,,,,,
CS-0257,BIL,how do I check my bill from {{Person Name}}?,INVOICE,check_invoice,"I appreciate your inquiry regarding how to check your bill from {{Salutation}} {{Client Last Name}}. Allow me to guide you through the process step by step. First, please log in to your account on our website. Once logged in, navigate to the ""Billing"" section, where you will find a tab named ""Invoices"" or ""Bill History."" Click on that tab to access a list of your past invoices. Look for the relevant invoice associated with {{Person Name}}, which should contain all the details you need. If you encounter any difficulties or have further questions, don't hesitate to reach out to our customer support team, as they are available to assist you further.",,,,,,,
CS-0258,BL,I have to make a consumer reclamation against your company,FEEDBACK,complaint,"I'm sorry to hear that you need to make a consumer reclamation against our company. Your feedback is extremely important to us, and I would like to assure you that we take such matters very seriously. To proceed with your reclamation, I recommend reaching out to our dedicated customer support team. They will guide you through the process and ensure that your concerns are addressed promptly and thoroughly. Please provide me with your contact information, and I will personally ensure that someone from our team gets in touch with you as soon as possible.",,,,,,,
CS-0259,BIL,how do I notify of an issue with payment?,PAYMENT,payment_issue,"I appreciate you reaching out to us regarding the issue you're facing with payment. To notify us about this problem, you can contact our customer support team through our website or by phone. Our customer support team is available {{Customer Support Hours}} to assist you. They will guide you through the process of reporting the issue and provide you with the necessary steps to resolve it. Rest assured, we're here to help you every step of the way. Thank you for bringing this matter to our attention, and we look forward to resolving it for you.",,,,,,,
CS-0260,BCIL,"I want to correct my delivery address, how do I do it?",SHIPPING,change_shipping_address,"To correct your delivery address, simply log into your account and navigate to the settings section. From there, you should be able to update your shipping address information. If you encounter any difficulties or need further assistance, our customer support team is available to help you through the process.",,,,,,,
CS-0261,BL,help to check what hours customer assistance available is,CONTACT,contact_customer_service,Honored to assist! I'm clued in that you would like to check the available hours for our customer assistance team. Our dedicated team is available to assist you during {{Customer Support Hours}}. Feel free to contact us during these hours for any inquiries or concerns you may have. We are here to provide you with the support you need. How else can I assist you today?,,,,,,,
CS-0262,BKLMZ,chcek bills from {{Person Name}},INVOICE,check_invoice,"I'll make it happen! I understand your need to check the bills associated with Mr. {{Client Last Name}}. To assist you better, could you provide me with the specific details such as the date range or any additional information related to the bills? With this information, I can help you locate the bills more effectively and provide you with the required assistance.",,,,,,,
CS-0263,BLQ,i want help regarding my sign-up,ACCOUNT,registration_problems,"We appreciate your reaching out for assistance with your sign-up. We understand that encountering difficulties during the sign-up process can be frustrating, and we're here to assist you. To better understand the issue at hand, could you provide more details about the specific challenges you're facing? This will allow us to provide you with the most accurate and effective support. Your feedback is invaluable to us, and together we'll work towards resolving the issue and ensuring a seamless sign-up experience for you.",,,,,,,
CS-0264,BL,updating purchase {{Order Number}},ORDER,change_order,"We appreciate your inquiry to us for assistance with updating your purchase with the number {{Order Number}}. We understand that changes might be necessary after placing an order, and we're here to help you make the necessary adjustments. To ensure we provide the most accurate guidance, could you please let us know specifically what updates you would like to make to your purchase? Your satisfaction is our top priority, and we want to ensure that your purchase meets your expectations.",,,,,,,
CS-0265,BILZ,can you help me lodging a claim against your business ?,FEEDBACK,complaint,"I'm picking up what you're putting down, the frustration and urgency you may be feeling, and I'm here to assist you in lodging a claim against our business. Your satisfaction is of utmost importance to us, and we want to ensure that your concerns are addressed promptly and appropriately. Could you please provide me with more details about the claim you would like to lodge? This will help us better understand the situation and work towards a resolution that meets your expectations.",,,,,,,
CS-0266,BCLPQ,I'd like to edit the data included on my user i need help,ACCOUNT,edit_account,"We truly appreciate your initiative to edit the data included in your user profile and understand how crucial it is to keep your information accurate and up to date. To assist you with this, could you please provide us with more specific details about the data you would like to edit? Are you looking to update personal information such as your name, email address, or phone number? Or do you need help modifying any other details related to your user profile? Sharing this information will enable us to provide you with the most accurate guidance and support.",,,,,,,
CS-0267,BIL,where do I check the reimbursement current status?,REFUND,track_refund,"Sure! I completely understand your need to stay updated on the current status of your reimbursement. To check the status of your reimbursement, you can visit our website and log in to your account. Once logged in, navigate to the ""My Account"" or ""Order History"" section, where you will find the details of your refund. If you have any trouble locating the information, please don't hesitate to reach out to our customer support team through the live chat on our website or by calling {{Customer Support Phone Number}}. We're here to assist you every step of the way!",,,,,,,
CS-0268,BKL,remove {{Account Type}} account,ACCOUNT,delete_account,"Thank you for contacting us regarding the removal of your {{Account Type}} account. I understand that you would like assistance with this process. To proceed with the removal, please provide me with some additional details about your account, such as your account username or email. This will help us locate your account and ensure a smooth cancellation process. Rest assured, we are here to support you every step of the way and make sure your request is handled securely and efficiently.",,,,,,,
CS-0269,BL,I want help seeing the status of order {{Order Number}},ORDER,track_order,"I see what you mean! I'm on the same page that you need assistance in checking the status of your order with the order number {{Order Number}}. To provide you with the most accurate information, may I please have your registered email address or the name associated with the order? This will help me locate your order swiftly and ensure I give you the correct status update.",,,,,,,
CS-0270,BLZ,help me to informof an issue with a registration,ACCOUNT,registration_problems,"We appreciate your taking the time to inform us about the issue you encountered during the registration process. Your proactive approach enables us to address the problem promptly and provide you with a seamless experience. To assist you further, could you please provide specific details about the issue you faced? This information will help us better understand the situation and find an appropriate solution. Thank you for your cooperation in helping us resolve this matter efficiently.",,,,,,,
CS-0271,BCILQZ,need to chek my bill #85632 how to do it,INVOICE,check_invoice,"I've observed that you need assistance with checking the bill with the number #{{Invoice Number}}. Let me guide you through the process. To locate your bill, you can visit our website and log into your account. Once logged in, navigate to the ""Billing"" or ""Invoices"" section. You should be able to find your bill by entering the bill number #{{Invoice Number}} in the search bar or by browsing through your invoice history. If you encounter any difficulties or need further help, please don't hesitate to let me know. I'm here to provide you with the support you need.",,,,,,,
CS-0272,BLQ,want assistance to give a quick look at the invoice #12588,INVOICE,check_invoice,"I realized, you need assistance with giving a quick look at invoice number {{Invoice Number}}. Let's find a solution together. To provide you with accurate information, could you please confirm the platform or system you use for managing your invoices? This will help me guide you to the right place to quickly access your invoice details.",,,,,,,
CS-0273,BL,I don't know what to do to download my invoice #12588,INVOICE,get_invoice,"I'm with you, your uncertainty about the process to download the invoice with the number #{{Invoice Number}}. To download your invoice, you can simply log in to your account and navigate to the ""Billing"" section. From there, you should be able to access your invoice and download it as a PDF file. If you encounter any difficulties or have further questions, feel free to let me know, and I'll be more than happy to assist you every step of the way.",,,,,,,
CS-0274,BL,I don't know how to request a refund of money,REFUND,get_refund,"I've picked up that you're unsure about the process of requesting a refund for your money. It can be a confusing and frustrating situation, but don't worry, I'm here to help. To initiate the refund process, you can start by contacting our customer support team. They will guide you through the necessary steps and provide you with the required information and forms, if any. Alternatively, you can also check our website or the purchase confirmation email for specific instructions on how to request a refund. Remember, it's important to provide all the relevant details, such as your order number and reason for the refund, to expedite the process. Our team will carefully review your request and do everything possible to assist you promptly.",,,,,,,
CS-0275,BLW,help checking if there is anything new on the bloody rebate,REFUND,track_refund,"I've decoded that you're seeking assistance in checking for any updates on the rebate. Rest assured, I'm here to help you. Give me a moment, and I'll quickly look into the current status of the rebate for you. Thank you for your patience.",,,,,,,
CS-0276,BLM,I have got to ask for rebates,REFUND,get_refund,"I grasp your need to ask for rebates. It can be frustrating to not receive the full value of your purchase, and I'm here to help you navigate this process. To ensure that you receive the assistance you need, could you provide me with more details about your situation? This will help me offer you the most suitable guidance and ensure that you feel supported throughout the rebate request process. Together, we can work towards a satisfactory resolution and ensure that you receive the compensation you deserve.",,,,,,,
CS-0277,BEQ,i do not know what i need to do to get my invoice #85632,INVOICE,get_invoice,"I'm not mistaken your uncertainty about the steps to take in order to access your invoice with the number #{{Invoice Number}}. Allow me to guide you through the process. First, let's ensure you are logged into your account on our website. Once logged in, navigate to the ""Billing"" or ""Account"" section. You should find a list of your invoices there. Look for the invoice with the number #{{Invoice Number}} and click on it to view the details or download a copy if available. If you encounter any difficulties, feel free to ask for further assistance. We're here to help you every step of the way.",,,,,,,
CS-0278,BIL,can I see what payment methods are available?,PAYMENT,check_payment_methods,"I'll make it happen! I would be happy to assist you in checking the available payment methods. We offer multiple payment options to provide convenience and flexibility to our customers. Here is a list of our current payment methods:

- Credit/Debit Card: You can use major credit or debit cards like Visa, Mastercard, or American Express to make your payment.
- PayPal: A popular and widely used online payment platform that offers secure transactions.
- Bank Transfer: This option allows you to make a direct payment from your bank account.
- Apple Pay: If you're an Apple user, you can conveniently make payments using Apple Pay.
- Google Wallet: Google's payment system enables fast and easy checkouts on our platform.

If you have any specific questions about any of these payment methods or if you need assistance with choosing the most suitable option for you, please let me know. I am here to help you every step of the way!",,,,,,,
CS-0279,BLZ,hepp seeing the bill from {{Person Name}},INVOICE,check_invoice,"I can tell that you need assistance with looking for the bill from {{Salutation}} {{Client Last Name}}. Rest assured, I'm here to guide you through the process and help you locate the information you need. Can you please provide me with any additional details such as the date range or any specific information related to the bill? This will help me narrow down the search and provide you with accurate results.",,,,,,,
CS-0280,BKL,assistance opening user account,ACCOUNT,registration_problems,"We understand that you're seeking assistance with opening a user account, and we're here to help you. Could you please provide us with more details about the issue you're facing? This will allow us to better understand the problem and provide you with the most suitable solution. Your feedback is essential for us to enhance our services and ensure a seamless user experience. We appreciate your patience and cooperation as we work towards resolving this matter for you.",,,,,,,
CS-0281,BL,I have got to submit my feedback,FEEDBACK,review,"Thank you for your willingness to share your feedback with us! Your insights are incredibly valuable as they help us improve our services and cater to our customers' needs better. To submit your feedback, you can visit our website and navigate to the ""Contact Us"" page. There, you will find a form where you can provide details about your feedback. Alternatively, you can reach out to our customer support team via phone or live chat, and they will be more than happy to assist you in submitting your feedback. We truly appreciate your time and effort in helping us enhance our services. Let me know if there's anything else I can assist you with.",,,,,,,
CS-0282,BL,editing order {{Order Number}},ORDER,change_order,"Thank you for bringing up the issue with editing order number {{Order Number}}. I completely understand that you would like to make some changes to your purchase. To assist you with this, could you please provide more details about the specific modifications you'd like to make? This will help us ensure that we accurately update your order according to your preferences.",,,,,,,
CS-0283,BKLM,update details on premium account,ACCOUNT,edit_account,"How marvelous it is to embark on this transformative journey of updating the details on your esteemed premium account!I am fully committed to providing you with unwavering support and guidance throughout this process. We understand the importance of keeping your account information accurate and up to date. To update your details, please log in to your {{Online Company Portal Info}} and navigate to the account settings section. From there, you will be able to modify your personal information, contact details, and any other relevant details specific to your premium account. If you encounter any difficulties or have any questions along the way, our dedicated customer support team is available to assist you. It would be our pleasure to ensure that your premium account reflects your preferences and satisfies your evolving needs.",,,,,,,
CS-0284,BLQ,i want help to use the {{Account Category}} profile,ACCOUNT,switch_account,"Certainly! I'm here to provide you with an in-depth guide on how to make the most of our {{Account Category}} profile:

1. Get Started: Begin by logging into our platform using your credentials.
2. Explore Features: Once you're logged in, take a moment to familiarize yourself with the array of features available to you as a {{Account Category}} user.
3. Account Settings: Locate your account settings or profile section, where you'll find options to personalize your experience.
4. Customize Your Profile: Within your profile settings, you can update your display name, profile picture, and other details to make it uniquely yours.
5. Access Additional Resources: As a {{Account Category}} user, you'll have access to a wide range of helpful resources, such as tutorials, guides, and knowledge base articles.
6. Connect with the Community: Engage with our vibrant community of {{Account Category}} users. Join discussions, share your insights, and learn from others.
7. Upgrade Opportunities: Keep an eye out for exclusive upgrade offers and discounts, allowing you to unlock even more benefits.

Remember, our customer support team is always available to assist you along the way. Feel free to reach out if you have any further questions or require additional guidance. Enjoy your journey with our {{Account Category}} profile!",,,,,,,
CS-0285,BCILZ,"I need to unsubscribe from the newsletter, can yyou help me?",SUBSCRIPTION,newsletter_subscription,"I'll get right on it! I understand that you're looking for assistance with unsubscribing from our newsletter. It's important to us that you have full control over your subscriptions and preferences. To proceed with unsubscribing, could you please provide me with the email address you used to subscribe? This will help us locate your subscription details and ensure that your request is promptly processed. Rest assured that your privacy and preferences are our top priority, and we'll handle your request with the utmost care and respect.",,,,,,,
CS-0286,BL,error submitting my shipping address,SHIPPING,set_up_shipping_address,"I'm sorry to hear that you're experiencing an error while submitting your shipping address. I understand how frustrating this can be, but please don't worry as there are steps we can take to resolve this issue together. First, let's make sure that all the required fields are filled in correctly, including the street address, city, state, and zip code. Double-check that there are no typos or missing information. If the error persists, try clearing your browser cache and cookies and then attempt to submit the shipping address again. If the problem continues, I recommend reaching out to our customer support team at {{Customer Support Phone Number}} or by using the Live Chat on our website at {{Website URL}}. They will be able to assist you further and troubleshoot this issue more effectively. Rest assured, we are committed to helping you resolve this error and ensuring a seamless experience with setting up your shipping address.",,,,,,,
CS-0287,BIL,is it possible to see when my product is going to arrive?,DELIVERY,delivery_period,"We understand your desire to know the estimated arrival time of your product. To provide you with the most accurate information, could you please share the {{Order Number}} or {{Tracking Number}}? With that information, we can give you a precise update on the expected delivery date. We appreciate your cooperation and patience in this matter.",,,,,,,
CS-0288,BIL,is it possible to delete the standard account?,ACCOUNT,delete_account,"Thank you for getting in touch to us about deleting your standard account. We understand that circumstances may change, and you may want to close your account. We want to assist you in the best possible way. To proceed with the deletion, please provide us with your account information, such as your username or email address, so we can verify your account and guide you through the process. Rest assured, we will ensure a smooth and secure closure of your standard account.",,,,,,,
CS-0289,BI,is it possible to check how soon can I expect the item?,DELIVERY,delivery_period,"We understand your excitement to receive your item! To provide you with an estimate of the delivery time, could you please provide us with the {{Tracking Number}} or {{Order Number}}? With this information, we'll be able to give you a more accurate update on when you can expect your item. Thank you for your cooperation and patience!",,,,,,,
CS-0290,BCILQZ,wannaspeak with customer service can ya help me,CONTACT,contact_customer_service,"I hear you! I'm following you that you would like to speak with our customer service team. I'm here to assist you with that. To connect with our customer service, you can reach them during our {{Customer Support Hours}}. If you have any other questions or concerns, feel free to let me know. How can I assist you further?",,,,,,,
CS-0291,BCILPW,"I need to make a damn consumer complaint, how could I do it?",FEEDBACK,complaint,"I'm truly sorry to hear that you're in need of assistance to file a consumer complaint. I understand the frustration and urgency you may be feeling, and I'm here to guide you through the process. To start, could you please provide me with the details of the complaint? This will help me better understand your concerns and enable us to address them more effectively. Rest assured, your complaint will be documented and forwarded to the relevant department for a thorough review. Thank you for bringing this matter to our attention, and we appreciate your patience as we work towards a resolution together.",,,,,,,
CS-0292,BMZ,I have to buy some of yout item,ORDER,place_order,"Thank you for expressing your interest in purchasing some of our items! I'm here to assist you throughout the entire buying process. To get started, may I know which specific items you are looking to purchase? Once I have the details, I can provide you with all the necessary information and guide you step by step to ensure a smooth and satisfying shopping experience.",,,,,,,
CS-0293,BKL,another premium account for father,ACCOUNT,create_account,"That's wonderful to hear that you are interested in creating another premium account for your father! We appreciate your trust in our services. To proceed with creating the account, may I kindly request the following information: your father's full name, email address, and a preferred username? Once we have these details, we will guide you step by step through the process, ensuring a smooth experience for both you and your father. If you have any questions or need further assistance, please don't hesitate to let me know.",,,,,,,
CS-0294,BL,I am waiting for a compensation of {{Refund Amount}} dollars,REFUND,track_refund,"Thank you for bringing up your compensation of ${{Refund Amount}} inquiry. We understand how important it is for you to receive your refund. Allow me to check the status of your compensation and provide you with an update. While I gather the information, may I ask if you have submitted all the necessary documents and details for your compensation request? Your cooperation will greatly assist us in expediting the process and ensuring your satisfaction.",,,,,,,
CS-0295,BELN,I cannot add a product to purchase {{Order Number}},ORDER,change_order,"Thank you for bringing this issue to our attention. I understand that you're experiencing difficulties adding a product to your purchase with order number {{Order Number}}. I apologize for any inconvenience this may have caused. To better assist you, could you please provide more details about the error message or steps you've taken so far? Our team is committed to finding a solution and making sure your purchase is as seamless as possible.",,,,,,,
CS-0296,BKLMZ,rebating  {{Currency Symbol}}{{Refund Amount}},REFUND,get_refund,"I've picked up that you are seeking information on rebating ${{Refund Amount}}. I apologize for any inconvenience you may have experienced in your recent transaction. To assist you with the refund process, could you please provide me with some additional details? Specifically, could you let me know the date of the transaction, the payment method used, and any relevant order or transaction number? This information will allow me to investigate the issue thoroughly and provide you with the appropriate guidance for obtaining your refund. Thank you for your cooperation, and rest assured that I am here to support you throughout this process.",,,,,,,
CS-0297,BLZ,I need help seeing in which cases can I ask for a reufnd,REFUND,check_refund_policy,"I'll make it happen! I understand that you would like assistance in understanding the situations in which you can request a refund. Allow me to provide you with the necessary information.

Typically, there are several circumstances under which you may be eligible for a refund:

1. **Product/Service Defect:** If the product or service you purchased has a defect or does not meet the description provided, you would usually qualify for a refund.

2. **Cancellation within Grace Period:** Should you change your mind and decide to cancel your purchase within the specified grace period, you are generally entitled to a refund.

3. **Unauthorized Charges:** If you notice any charges on your account that you did not authorize or are unfamiliar with, our team will investigate the issue and assist you in resolving it.

4. **Event Cancellation:** If you have purchased tickets for an event that is subsequently canceled and not rescheduled, you would typically be eligible for a refund.

5. **Duplicate Charges:** In the event that you are charged multiple times for the same item or service, please reach out to us immediately so that we can rectify the situation and issue a refund if necessary.

6. **Non-receipt of Goods:** If you have not received your purchased product within the expected timeframe, please notify us as soon as possible. In such cases, you may be eligible for a refund.

Please note that refund policies can vary depending on the vendor or service provider. It is always prudent to consult the specific terms and conditions or contact the relevant party directly for complete clarity.

If you have a specific order or concern related to a refund, please provide me with the relevant details, such as the order number, and I will be more than happy to dive deeper and assist you further.

Remember, your satisfaction is our top priority, and we are here to ensure a smooth and seamless experience. Let me know if there's anything else I can assist you with today!""",,,,,,,
CS-0298,BLQ,i want help talking with a human agent,CONTACT,contact_human_agent,"Thank you for reaching out! It's great to hear that you're looking for help and would like to speak with a human agent. Our team of dedicated representatives is here to assist you. Please hold on while I connect you with one of our knowledgeable agents who will be able to provide the support you need. Your satisfaction is our top priority, and our team is committed to resolving any questions or concerns you may have. Stay with me for just a moment, and I'll transfer you to a human agent who will take care of you.",,,,,,,
CS-0299,BIL,can I use the {{Account Type}} profile?,ACCOUNT,switch_account,"I'll take care of it! I'm delighted to inform you that you can definitely use the {{Account Type}} profile. It offers a host of remarkable features and benefits that are bound to elevate your experience with our platform:

1. Accessing the {{Account Type}} Profile: To begin, sign in to your account.
2. Account Settings: Once you're logged in, navigate to your account settings or profile section.
3. Upgrade Option: Look out for an option labeled ""{{Upgrade Account}}"" or ""{{Account Change}}"".
4. Choosing {{Account Type}}: Select the ""{{Account Type}}"" profile option from the available choices.
5. Finalizing the Switch: Follow the on-screen instructions to complete the process.

With the {{Account Type}} profile, you'll enjoy a premium experience tailored to your preferences and needs. If you have any further questions or need assistance during the transition, please don't hesitate to reach out. Wishing you a seamless transition and an incredible {{Account Type}} profile experience!",,,,,,,
CS-0300,BLZ,I can't speak iwth an operator,CONTACT,contact_human_agent,"Thank you for trusting us! I'm fully aware of you are having difficulty speaking with an operator. I apologize for any inconvenience caused. To better assist you, could you please provide me with more information about the issue you are facing? This will help me find the most appropriate solution for you. Your satisfaction is our utmost priority, and we are committed to resolving any challenges you may encounter. Once I understand your situation better, I will ensure that you are connected to a live operator who can address your concerns effectively. Thank you for your patience and cooperation.",,,,,,,
